Year,Country,Alabama,Alaska,Arizona,Arkansas,California,Colorado,Connecticut,Delaware,District of Columbia,Florida,Georgia,Hawaii,Idaho,Illinois,Indiana,Iowa,Kansas,Kentucky,Louisiana,Maine,Maryland,Massachusetts,Michigan,Minnesota,Mississippi,Missouri,Montana,Nebraska,Nevada,New Hampshire,New Jersey,New Mexico,New York,North Carolina,North Dakota,Ohio,Oklahoma,Oregon,Pennsylvania,Rhode Island,South Carolina,South Dakota,Tennessee,Texas,Utah,Vermont,Virginia,Washington,West Virginia,Wisconsin,Wyoming
2022,"China, People's Republic",138.99274310594956,15.843251088534089,426.84325108853227,69.90711175616707,17840.043541364255,385.91436865022115,338.0145137881045,150.56894049346874,64.21915820029062,1051.5486211901298,727.9259796806964,334.2017416545714,100.15820029027554,1456.7271407837397,326.7155297532663,151.0043541364298,120.32075471698136,116.39767779390604,119.29898403483276,32.47169811320782,825.4397677793895,2022.474600870817,718.9433962264156,331.0624092888247,43.71843251088512,240.61393323657103,25.312046444121734,84.78955007256894,500.9912917271404,69.26850507982454,1862.7648766327911,80.85631349782307,7143.7779390420765,550.2075471698104,21.09869375907124,735.1480406385963,143.9375907111771,464.98693759071193,1077.8737300435387,70.42525399129181,177.5370101596509,-0.756168359942194,251.4586357039152,2718.2801161103125,262.42380261248195,15.719883889695666,812.2873730043502,3266.3454281567538,14.624092888243467,306.56313497822885,15.895500725689544
2022,Dominican Republic,35.52539912917382,25.438316400580334,74.00870827285917,12.26415094339609,127.86792452829468,35.737300435413545,542.2336719883897,53.7793904209002,39.4528301886794,2677.696661828726,294.02322206095414,-0.26705370101592507,4.0116110304789565,110.98838896952293,71.96516690856515,27.339622641509777,11.17416545718379,18.528301886792633,92.70537010159751,0.07402031930334374,293.85050798257726,2220.441219158238,125.53701015965271,81.28737300435478,25.387518142234512,28.539912917271977,0.2133526850507792,20.856313497823066,36.373004354136356,118.30624092887956,4393.6705370101845,8.679245283018645,9714.433962264098,352.3584905660391,8.451378809869425,189.49637155298115,24.362844702467555,10.365747460087277,2253.7706821480533,581.1074020319211,74.39622641509413,4.358490566037744,68.76923076923049,332.40203193033085,59.35558780841802,6.037735849056617,183.7489114658929,42.91872278664732,0.657474600870728,58.02322206095687,3.2975326560233498
2022,India,351.0754716981137,11.972423802612482,1538.4760522496376,379.0638606676357,17180.844702467322,935.1277213352687,1469.2859216255456,435.23367198838605,83.90711175616838,2866.802612481859,3774.1669085631293,28.571843251088467,115.22641509433947,4385.293178519598,978.8519593613819,461.30624092888274,451.10304789550173,511.66618287372876,186.47024673439773,63.210449927431,1934.333817126273,3127.471698113208,2268.879535558779,1582.214804063864,144.7053701015957,862.5065312046445,7.809869375907056,304.6516690856297,234.61538461538476,268.88824383164047,10034.730043541349,104.43831640058056,3577.747460087092,3142.656023222058,64.45137880986942,2350.1117561683604,242.8969521045001,737.6226415094334,3180.0696661828742,158.68069666182873,596.7518142235112,52.576197387518164,1092.3396226415095,11214.595065312053,362.61538461538476,29.806966618287333,3187.5529753265437,5008.918722786646,60.11465892598062,869.5137880986913,5.930333817126211
2022,Iran,18.976777939041312,-0.368650217706886,75.6531204644416,17.448476052249816,1927.6952104498632,86.17126269956498,37.920174165456956,13.010159651669088,29.62264150943406,179.3976777939024,139.0638606676339,6.984034833091439,8.93323657474599,156.93904208998538,46.297532656023236,18.654571843251006,14.880986937589114,27.342525399129272,34.956458635703925,2.2394775036282226,169.6124818577664,195.95645863570462,154.89550072569,40.66618287373058,17.300435413642845,58.683599419448,0.22786647314950415,21.86211901306251,47.73875181422352,7.70246734397665,99.76197387517823,26.233671988389005,233.25834542815937,79.95355587808416,10.38751814223508,96.11465892597965,29.812772133527233,56.29027576197399,113.51233671988405,8.808417997097195,38.41364296081292,7.082728592162567,55.66182873729849,467.4528301886785,28.960812772133067,0.011611030478956508,197.50798258345458,191.41654571843173,8.343976777938906,38.27721335268507,0.2685050798257862
2022,Mexico,335.7460087082727,33.67634252539892,6824.641509433961,593.5878084180003,30873.73294629925,3203.5544267053774,242.92017416545787,122.39622641509413,71.08708272859167,2792.8635703918717,2263.5834542815646,66.67634252539915,533.1669085631347,5714.455732946299,1275.8708272859221,503.8635703918726,1007.0653120464412,410.2960812772144,319.3701015965162,18.727140783744517,353.4702467343959,263.53410740203435,1329.6081277213525,952.564586357068,154.49056603773715,539.3918722786657,34.805515239477586,535.3962264150941,1827.1625544267008,65.96952104499314,912.2119013062402,1691.0159651669092,2129.970972423791,2284.277213352674,63.406386066762934,591.7489114659038,1217.3613933236556,1596.6444121915847,634.2249637155273,57.674891146589744,532.4600870827308,68.23512336719978,832.3570391872345,25401.11756168361,1424.1001451378688,6.387518142235081,552.965166908587,2629.0058055152767,21.402031930333578,970.2743105950649,70.55442670537059
2022,Pakistan,29.06240928882471,-1.0029027576199496,58.342525399129045,40.2525399129172,1087.5515239477463,52.39187227866478,108.48040638606653,20.210449927431,7.970972423802593,266.1306240928898,282.54571843251085,2.689404934688014,7.182873730043866,586.0624092888247,89.44267053701014,27.814223512337094,27.97532656023222,32.3105950653121,37.59796806966608,5.309143686502239,368.3759071117556,228.47314949201723,237.33817126269787,53.647314949202155,12.220609579100255,83.46444121915829,4.320754716981128,19.158200290275545,29.731494920172736,24.04499274310615,609.1930333817127,5.7663280116109945,1765.0914368650265,168.18867924528422,8.513788098693794,160.7039187227865,61.911465892598244,28.59071117561689,299.58345428156736,24.98838896952111,13.941944847605555,0.3178519593615192,51.293178519593766,1474.8447024673405,25.866473149492094,-0.6298984034831392,777.6342525399141,172.50798258345276,16.420899854862,57.158200290275715,3.068214804063871
2022,Philippines,155.4731494920179,187.6748911465893,553.2177068214796,130.64296081277234,5476.988388969563,229.25544267053692,163.1132075471687,43.50217706821468,45.18722786647322,2859.464441219159,616.7518142235122,649.0261248185416,85.17706821480397,956.232220609585,281.6589259796807,149.1233671988375,107.3831640058055,197.35268505079785,189.57474600870773,67.18142235123366,468.28011611030524,186.0319303338165,335.5210449927399,275.24238026124794,81.9259796806964,352.1901306240925,56.28301886792451,128.4528301886794,831.9027576197404,49.719883889694756,737.5965166908572,134.23512336719796,1572.9274310595065,905.322206095796,142.84905660377262,683.4484760522464,145.7358490566039,271.30043541364284,371.5878084179976,24.439767779390422,196.7779390420901,36.37300435413681,769.3642960812758,1666.171262699565,155.0682148040637,25.348330914368944,609.3715529753244,699.714078374469,70.43831640058079,230.65602322205996,28.416545718432644
2022,United Kingdom,45.95936139332389,12.693759071117483,168.02757619738622,58.11175616835999,1629.5645863570317,140.91001451378725,188.79970972423325,22.223512336719978,63.96516690856424,777.0972423802596,261.483309143674,26.64876632801179,21.008708272859167,240.3584905660391,89.51233671988302,31.62844702467339,38.15820029027577,56.658925979681044,27.772133526850666,22.730043541364466,168.3280116110309,296.90275761974044,153.61248185777004,75.4513788098684,12.441219158200056,44.111756168358625,17.690856313497875,24.676342525398923,86.24092888243831,34.2960812772144,424.531204644416,26.5370101596518,1096.4775036284482,236.7924528301919,10.99419448476052,141.2075471698099,57.515239477503656,135.7561683599415,219.78229317851947,25.54281567489113,76.78519593613782,-0.07111756168362149,145.06821480406416,750.8998548621166,61.77648766328048,6.403483309143212,223.72133526850303,300.3947750362822,12.801161103047889,68.62554426705447,7.396226415094134
2023,"China, People's Republic",192.34591194968561,15.138364779873882,453.13836477987206,92.76100628930544,23506.591194968496,430.08176100629134,285.3081761006324,150.21383647798746,217.2201257861634,1893.8490566037726,1065.5283018867922,389.0503144654067,93.79245283018827,1973.6729559748346,378.5597484276732,188.1257861635222,204.71069182389965,165.37735849056844,224.41509433962256,44.18238993710747,1269.704402515723,2191.710691823886,627.6981132075452,422.02515723270335,114.42138364779885,335.40251572326815,41.12578616352198,113.69811320754718,631.4150943396226,68.20125786163408,1931.874213836476,72.18238993710656,13642.918238993734,880.4402515723264,34.628930817610126,726.2767295597369,197.30817610062968,622.6226415094343,1611.6855345911972,114.06289308176088,209.7358490566021,33.37735849056594,349.13836477987206,3589.31446540881,248.46540880503153,10.352201257862362,1024.968553459119,2778.867924528313,51.58490566037699,355.49056603773715,35.64779874213832
2023,Dominican Republic,50.28930817610126,106.77358490565985,78.58490566037744,22.74213836477975,277.9622641509377,44.855345911949826,1279.5283018867922,77.18238993710702,94.7484276729565,4976.792452830181,529.2264150943374,1.3962264150944748,4.4465408805031466,218.22012578616523,137.99371069182598,26.47798742138366,28.03144654088055,36.15094339622692,324.04402515722904,12.138364779874223,588.4591194968525,6268.968553459155,184.40251572326997,66.30188679245384,59.52830188679218,63.264150943397,3.163522012578653,20.84905660377376,76.88679245283038,277.40251572326815,10733.037735849037,15.289308176100349,28130.31446540868,683.5786163521989,8.484276729559838,365.6729559748492,32.037735849056844,28.232704402515992,4852.264150943374,1613.5471698113106,113.77987421383659,5.911949685534637,108.66666666666606,589.8364779874246,70.38364779874246,4.201257861635227,316.6352201257869,53.54088050314476,14.66037735849045,102.55974842767228,4.484276729559838
2023,India,365.7358490566039,14.314465408805034,770.308176100629,256.28930817610126,12243.735849056568,418.9119496855346,802.0377358490587,237.8616352201243,50.09433962264151,1988.7421383647797,2656.377358490565,20.07547169811312,43.20754716981128,3976.025157232696,890.3899371069128,207.40251572327043,248.42138364780112,324.5786163522007,141.2515723270444,33.968553459119676,1138.4213836477866,1616.8490566037726,1246.7421383647743,840.7610062893109,160.3773584905657,441.1886792452824,11.396226415094304,100.93710691823799,182.66666666666697,160.66037735849022,6435.53459119497,98.44025157232704,3780.371069182409,1669.729559748419,38.15094339622647,1591.006289308174,214.5786163522007,498.65408805031257,2328.0125786163517,74.22012578616341,426.8301886792451,22.201257861635213,636.8113207547169,6594.635220125754,171.66666666666697,26.867924528301955,1563.9748427672894,2094.2075471698117,66.53459119496938,492.50943396226285,2.3207547169809004
2023,Iran,16.77358490565939,0.23899371069182962,103.86792452830196,21.62264150943406,3585.1949685533764,85.50314465408883,53.8050314465404,9.849056603773583,37.65408805031461,215.3773584905648,283.6226415094334,5.7610062893081775,29.849056603773562,269.23899371069183,55.48427672955984,16.132075471698045,26.006289308174928,42.33962264150955,38.07547169811322,1.9182389937104745,251.80503144653994,309.0754716981155,198.31446540880643,46.24528301886858,15.345911949685387,54.748427672955586,3.4716981132075375,28.23899371069183,127.45283018867917,12.515723270440162,116.01257861634986,17.194968553459148,285.35220125786145,131.2138364779874,8.194968553459148,138.20125786163524,67.59119496855374,109.49685534591202,147.24528301886812,11.132075471698101,44.28301886792451,3.0566037735848965,40.45283018867667,1153.7484276729574,35.201257861635895,1.7798742138364823,342.7861635220106,400.8113207547158,10.603773584905639,47.786163522012544,6.201257861635099
2023,Mexico,653.1069182389947,89.09433962264143,8242.421383647801,815.9811320754743,46394.39622641518,4331.238993710664,252.13836477987388,213.7798742138366,99.84905660377353,3945.503144654088,3280.5220125786145,82.09433962264166,755.3773584905648,8967.943396226416,1920.8238993710693,790.8364779874219,1633.5534591194955,550.5534591194992,583.6918238993712,12.339622641509322,356.9182389937123,310.5408805031457,1629.3459119496983,1789.4213836478302,329.9496855345915,774.9874213836483,41.603773584905696,878.1132075471705,2383.2515723270335,76.11949685534637,1194.232704402515,2457.2389937106927,2607.0503144654067,3599.786163522018,80.96226415094316,880.6352201257905,1752.7735849056626,2554.9496855345933,923.2767295597478,75.49685534591254,772.7358490566075,76.45911949685615,1337.31446540881,38025.72955974843,2092.2264150943374,11.194968553459148,581.9937106918369,3827.3899371069565,48.16981132075489,1498.2578616352257,133.23899371069228
2023,Pakistan,45.358490566037744,-0.8616352201258906,90.67295597484281,32.29559748427664,1950.7106918238933,70.32075471698113,257.4339622641519,35.96855345911945,16.050314465408796,336.10691823899106,462.32075471698124,5.138364779874223,18.616352201257996,1061.3584905660373,109.89937106918228,49.52201257861657,65.8427672955975,63.19496855345926,96.16352201257848,12.264150943396317,661.0817610062895,314.77987421383637,322.5471698113197,102.47798742138411,14.817610062892982,106.19496855345824,4.71069182389931,9.792452830188495,50.798742138364105,25.855345911949826,1130.132075471698,25.138364779874166,2958.3081761006324,380.6729559748437,10.509433962264211,240.4465408805031,116.55345911949689,43.17610062893095,502.5220125786168,48.88679245283038,26.433962264150978,8.182389937107018,70.69182389937077,2236.402515723268,66.03144654088055,-1.6415094339620282,1106.1006289308189,300.4528301886785,18.27044025157238,119.12578616352198,2.748427672955984
2023,Philippines,238.11320754717053,539.830188679246,813.2893081761003,189.3522012578619,10711.553459119517,349.1572327044023,152.2704402515701,75.39622641509413,53.07547169811323,2401.861635220128,570.4968553459116,2696.088050314429,84.2264150943397,1377.2641509434034,357.5911949685535,185.4528301886785,212.7358490566038,182.18867924528286,366.60377358490587,65.68553459119494,872.6477987421385,269.8113207547158,378.1635220125754,365.77987421383637,166.8616352201252,342.2704402515719,79.84276729559724,101.08176100628907,1406.9685534591263,63.68553459119448,1144.5660377358436,344.1257861635204,2096.125786163524,764.9748427672966,212.19496855345642,1251.622641509428,221.924528301887,372.6792452830191,545.9811320754716,42.70440251572336,278.58490566037744,66.55345911949735,615.3018867924511,2708.503144654089,192.7484276729556,20.062893081761104,924.2893081760994,1452.2955974842916,83.10691823899379,204.72955974842625,56.47798742138366
2023,United Kingdom,39.27044025157193,12.264150943396203,90.0188679245257,35.67295597484281,2072.421383647794,160.28930817609944,96.54716981131787,16.345911949685387,49.32704402515719,800.0314465408737,243.96226415093406,23.408805031446718,22.584905660377444,312.5786163521989,82.24528301886676,35.37735849056594,44.12578616352198,49.59119496855374,39.86163522012521,29.53459119496847,158.031446540881,344.6352201257905,117.1383647798757,78.4842767295595,8.968553459118993,53.6729559748419,15.069182389937055,31.094339622641428,74.5157232704405,35.22012578616432,330.3459119496838,13.40251572327088,1191.5723270440285,249.55974842767682,9.943396226415093,165.10691823899288,44.44025157232727,130.28930817610035,192.71069182390056,33.79245283018861,82.23899371069092,8.38993710691824,91.08176100628953,895.7735849056626,75.32075471698136,13.767295597484008,195.94968553458966,294.5157232704405,9.811320754717144,67.5157232704405,4.44654088050288
2024,"China, People's Republic",185.338655055637,10.981615868407971,442.98161586840797,88.66811804547433,23641.63473633281,416.99612965650886,255.32268988872966,149.7827769714562,223.43928398645403,1908.3976777939024,1059.4542815674904,365.2520561199781,91.95065312046427,1950.4000967585816,365.2752781809395,186.13014029995202,201.031446540881,156.77503628447084,220.7140783744553,40.654088050314385,1252.1441702951124,2155.1852926947176,603.6415094339609,411.08756652152806,113.13981615868397,323.0164489598428,40.43783260764394,113.48766328011612,629.4063860667634,62.46976294146043,1899.6390904692744,68.03870343492963,12974.69617803581,878.6477987421376,33.727624576681364,705.4247701983477,195.24576681180497,619.6095791001453,1582.5592646347359,113.48814707305269,205.2728592162548,32.62119013062397,338.5970004837909,3628.5945815191226,248.88921141751337,7.072085147557118,1003.2559264634692,2853.2133526850666,50.20899854862091,349.053701015966,36.543299467827865
2024,Dominican Republic,52.81470730527417,110.21190130624018,80.59361393323661,24.006289308176292,287.83018867923965,46.59264634736337,1329.7619738751819,78.96178035800676,97.2012578616359,5115.489114658907,551.2496371552988,1.129172714078436,4.4581519109820995,226.20851475568634,143.95887760038931,27.81761006289298,29.205611998064796,37.6792452830191,341.74939525882655,12.212385099177567,607.309627479437,6503.409772617335,189.93952588292268,68.58925979680771,62.9158200290276,65.80406386066807,3.3768746976294324,21.7053701015966,79.25979680696673,287.70875665215135,11094.708272859221,15.96855345911922,28815.74842767301,716.937106918238,8.935655539429149,383.16932752782304,33.400580551523944,29.598451862602815,5095.034833091428,1667.6545718432462,119.17610062893073,6.270440251572381,114.43589743589655,615.2385099177554,73.73923560716048,4.23899371069183,328.38413159167976,55.459603289792085,15.317851959361178,106.58297048863005,4.781809385583074
2024,India,370.8113207547158,14.286889211417517,770.7842283502661,259.35316884373515,12125.580551523919,419.0396710208031,782.323657474597,233.095307208514,50.00145137880986,1981.5447508466386,2678.5442670537013,19.6473149492017,42.43396226415075,3932.318335752294,907.241896468302,205.70875665215272,243.52443154330103,327.24479922593036,134.72181906144215,33.179003386550676,1101.7552007740596,1597.3207547169804,1208.6216739235533,849.9758103531713,158.0827285921623,436.6952104499269,11.206095791001417,96.5887760038695,179.28205128205173,157.5486211901307,6325.264634736319,98.8785679729076,3689.118529269501,1695.3855829704844,38.60232220609578,1606.1180454765345,210.47556845670078,505.27672955974595,2324.082244799226,72.90082244799214,433.5820029027582,21.777455249153377,636.1509433962262,6681.230285437807,174.28205128205173,25.67489114658929,1494.527818093833,2109.1262699564577,67.64925012094909,484.0232220609578,1.2510885341071116
2024,Iran,14.750362844701613,-0.12965650701505638,93.52104499273992,22.071117561683764,3306.890179003356,82.6744073536529,52.72520561199781,9.859216255442668,38.276729559748446,202.7750362844672,280.68650217706727,5.745041122399613,29.78229317851958,267.1780358006772,55.781809385583074,15.786647314949164,23.88727624576586,41.682148040638594,38.031930333817144,1.1577164973389245,236.41751330430634,316.0319303338183,204.20996613449643,43.911465892598244,15.646347363328346,53.43202709240404,3.6995645863570417,29.10111272375434,127.19158200290269,12.218190614416926,110.77455249153172,16.428640541848154,274.6105466860172,131.1673923560716,8.582486695694229,138.31591678761492,66.40396710208051,109.78713110788595,147.75761973875206,10.940493468795353,45.69666182873743,3.139332365747464,34.11465892597698,1148.201257861636,30.162070633768963,1.7914852443154352,322.2941461054652,405.22786647314933,9.947750362844772,48.06337687469761,6.469762941460999
2024,Mexico,665.8529269472674,89.77068214804058,8208.062893081762,799.5689404934747,45553.129172714194,4403.793420416041,248.05853894533175,215.17610062893073,103.93613933236429,3942.3667150459605,3291.105466860183,82.7706821480408,749.5442670536995,8982.399129172714,1972.6947266569914,787.7000483792935,1649.6187711659404,564.8495403967136,600.0619254958838,12.06676342525384,343.3884857281082,316.0749879051782,1664.9540396710217,1862.9859700048692,334.4402515723268,784.3792936623104,41.409288824383225,871.5094339622647,2342.4141267537343,78.08901790033906,1206.4446057087553,2494.254958877602,2640.021286889212,3705.063376874692,85.36865021770791,905.384131591687,1782.1349782293182,2612.5940977261635,928.5016932752769,77.17174649250182,789.1959361393347,78.69424286405501,1360.6715045960373,38144.847121432045,2142.326560232221,11.582486695694229,548.9588776003948,3917.395742622204,49.57184325108847,1519.5321722302906,134.79342041606242
2024,Pakistan,43.420899854862,-1.8645379777456128,90.01548137397185,31.54813739719407,1934.2622157716469,70.7126269956459,254.91436865021842,34.17900338655045,16.02128688921141,318.23754233188083,462.866473149492,4.827769714562237,19.799225931301407,1056.420899854862,109.34204160619242,50.33623609095321,65.81809385582972,63.50556361877125,95.76149008224468,12.573294629898442,659.4576681180456,314.2530237058538,314.8853410740194,101.12530237058581,14.038219641993237,102.65940977261653,5.031446540880438,8.950653120464267,48.53023705853775,24.900338655055748,1123.3251088534107,24.904692791485218,2907.399612965659,387.86163522012794,11.023222060958005,242.15045960329007,118.46492501209514,43.76681180454784,504.10546686018415,49.87518142235149,25.375907111756078,8.500241896468424,68.98500241896454,2247.2472181906123,66.89791969037265,-2.2714078374453948,1099.7348814707311,306.96081277213307,17.69134010643438,119.28398645379775,2.8166424770198546
2024,Philippines,241.58635703918753,537.5050798258353,811.5070149975804,190.9951620706338,9710.541848088847,350.4126753749392,137.38364779874246,73.89840348330881,51.262699564586455,2390.326076439287,569.2486695694238,2602.1141751329997,82.40348330914367,1281.4963715529884,357.2501209482342,189.57619738751782,213.1190130624093,180.54136429608116,377.1785195936136,65.86695694242866,846.9279148524438,263.8432510885341,360.68456700531533,365.02225447508454,169.7876149008216,341.46057087566487,81.12578616352175,102.53459119496847,1363.8713110788667,62.40541848088969,1041.1625544267008,357.36090953071835,2031.0532172230305,780.297048863089,224.04402515723268,1301.0711175616889,222.66037735849068,370.97968069666194,543.5689404934692,41.14417029511378,280.36284470246756,67.9264634736337,625.6661828737306,2694.674407353654,193.81664247701974,19.41122399612982,885.6608611514384,1415.009675858746,84.54523463957412,199.38558297048803,57.8945331398163
2024,United Kingdom,37.229801644895815,11.9579100145138,79.04644412191192,34.784712143202796,2050.985970004833,155.1993226898885,80.34687953555112,15.569424286405365,47.292210933720526,753.1286889211333,227.4455732946226,22.057571359458052,21.59361393323661,302.937106918238,76.7576197387516,35.005805515239445,43.28398645379775,48.250120948234326,37.633768746975875,28.264634736332937,150.35945815191008,333.5379777455273,103.7508466376421,73.9356555394279,7.409772617319504,48.78471214320234,14.76003870343493,31.770682148040578,71.75665215287881,32.516207063377806,309.8771165940998,10.939525882921771,1167.0498306724767,240.3522012578651,9.937590711175615,158.3144654088028,42.95549104983047,129.04547653604232,175.49298500242003,33.33526850507985,78.02418964683056,8.318819545234618,87.14997581035368,875.6734397677792,74.09724238026138,12.170778906627675,182.6710208030927,285.91049830672273,8.612481857765033,64.14126753749406,3.842767295597241
2025,"China, People's Republic",178.33139816158655,6.82486695694206,432.82486695694024,84.57522980164322,23776.678277697123,403.91049830672637,225.3372036768269,149.35171746492506,229.65844218674283,1922.9462989840358,1053.3802612481868,341.45379777455673,90.10885341073981,1927.1272375423287,351.99080793420217,184.13449443638137,197.35220125786236,148.17271407837688,217.01306240928898,37.12578616352221,1234.583938074502,2118.6598935655493,579.5849056603765,400.14997581035277,111.85824866956955,310.6303821964211,39.7498790517659,113.27721335268507,627.3976777939042,56.738268021286785,1867.4039671020728,63.8950169327527,12306.474117077887,876.8553459119494,32.826318335752376,684.5728108369512,193.18335752298117,616.5965166908563,1553.4329946782746,112.91340106434427,200.8098693759057,31.865021770682006,328.05563618770975,3667.8746976294206,249.31301402999532,3.791969037252784,981.5432994678267,2927.5587808418204,48.833091436864834,342.61683599419484,37.43880019351718
2025,Dominican Republic,55.34010643444708,113.65021770682051,82.60232220609578,25.27044025157238,297.6981132075416,48.329946782776915,1379.9956458635716,80.74117077890651,99.6540880503153,5254.185776487691,573.272859216253,0.8621190130625109,4.469762941461056,234.19690372520745,149.92404450895083,29.157232704402304,30.37977745524904,39.20754716981173,359.45476536042406,12.286405418480882,626.1601354620143,6737.850991775573,195.47653604257357,70.87663280116158,66.30333817126302,68.34397677793913,3.5902273826802116,22.561683599419666,81.63280116110309,298.01499758103455,11456.378809869406,16.647798742138093,29501.18238993711,750.2955974842771,9.387034349298574,400.6656990807969,34.7634252539915,30.964199322690092,5337.805515239481,1721.7619738751673,124.57232704402486,6.628930817610126,120.20512820512704,640.6405418480936,77.0948234155785,4.276729559748432,340.13304305757265,57.37832607643941,15.975326560232133,110.60619254958874,5.07934204160631
2025,India,375.88679245282947,14.259313014029999,771.2602805999032,262.41702951136995,12007.42525399127,419.16739235607156,762.6095791001426,228.32897919690186,49.90856313497824,1974.3473633284957,2700.711175616838,19.219158200290167,41.66037735849045,3888.611514271892,924.0938558296984,204.01499758103546,238.62747943880277,329.91098209966094,128.19206579583988,32.389453313981676,1065.0890179003327,1577.7924528301883,1170.5012094823323,859.1906144170316,155.7880986937589,432.2017416545714,11.01596516690853,92.24044508950101,175.89743589743648,154.43686502177025,6214.994678277697,99.31688437348816,3597.8659893565637,1721.0416061925425,39.0537010159652,1621.229801644895,206.37252056119905,511.89937106918114,2320.1519109820993,71.58151910982087,440.3338171262694,21.353652636671427,635.4905660377356,6767.825350749859,176.89743589743648,24.481857764876622,1425.0807934204058,2124.0449927431036,68.7639090469288,475.53701015964907,0.18142235123332284
2025,Iran,12.72714078374338,-0.4983067247218287,83.17416545718152,22.519593613933353,3028.5853894532192,79.84567005321787,51.645379777454764,9.869375907111753,38.89937106918251,190.17271407837325,277.75036284470207,5.729075955491055,29.7155297532656,265.1170778906626,56.07934204160631,15.44121915820017,21.768263183356794,41.02467343976787,37.988388969521054,0.39719400096737445,221.02999516207274,322.98838896952293,210.10546686018643,41.57764876632791,15.946782776971304,52.1156265118525,3.927431059506546,29.963231736816624,126.93033381712621,11.92065795839369,105.53652636671359,15.662312530237159,263.86889211417656,131.12094823415578,8.97000483792931,138.4305757135946,65.21673923560729,110.07740686985977,148.26995645863576,10.748911465892604,47.110304789550355,3.222060957910003,27.776487663277294,1142.6540880503144,25.12288340590203,1.8030962747943917,301.80212868891977,409.64441219158107,9.291727140783678,48.34059022738268,6.738268021286785
2025,Mexico,678.5989356555401,90.44702467343973,8173.704402515723,783.1567489114677,44711.86211901321,4476.347847121418,243.9787131107896,216.57232704402531,108.02322206095687,3939.230285437833,3301.688921141751,83.44702467343996,743.711175616836,8996.854862119013,2024.5655539429135,784.5636187711661,1665.6840832123853,579.145621673928,616.4320270924036,11.79390420899847,329.85873246250776,321.60909530721074,1700.5621673923597,1936.550556361908,338.93081761006215,793.7711659409761,41.2148040638607,864.9056603773588,2301.5766811804497,80.05853894533175,1218.6565070149954,2531.270924044511,2672.9922593130177,3810.340590227366,89.77503628447084,930.1330430575763,1811.4963715529739,2670.238509917748,933.7266569908061,78.84663763909066,805.6560232220618,80.92936623125388,1384.0285437832645,38263.96468311566,2192.426705370104,11.97000483792931,515.9240445089672,4007.4015481374227,50.9738751814225,1540.8064828253555,136.34784712143255
2025,Pakistan,41.48330914368671,-2.867440735365335,89.35800677310112,30.80067731011127,1917.8137397193932,71.10449927431057,252.39477503628495,32.38945331398145,15.992259313014024,300.3681664247706,463.41219158200295,4.517174649250137,20.98209966134482,1051.4833091436867,108.78471214320257,51.150459603290074,65.79342041606193,63.81615868408335,95.35945815191087,12.882438316400567,657.8335752298017,313.7261731978713,307.22351233671907,99.77261731978751,13.258829221093265,99.12385099177482,5.352201257861566,8.10885341074004,46.261731978712305,23.94533139816167,1116.5181422351234,24.671020803096212,2856.491049830671,395.05031446541034,11.5370101596518,243.85437832607658,120.37639090469293,44.357522980164504,505.6889211417515,50.8635703918726,24.317851959361633,8.818093855829716,67.27818093855831,2258.0919206579565,67.76439283986474,-2.9013062409287613,1093.3691340106452,313.46879535558764,17.11223996129661,119.44218674407352,2.884857281083697
2025,Philippines,245.05950653120453,535.1799709724246,809.724721819061,192.63812288340614,8709.53023705841,351.6681180454766,122.49685534591117,72.40058055152394,49.44992743105968,2378.7905176584427,568.0004837929364,2508.1402999515994,80.58055152394763,1185.7285921625735,356.9090469279149,193.69956458635534,213.5021770682148,178.89404934687946,387.753265602325,66.04837929366232,821.2080309627418,257.8751814223506,343.2056119980625,364.26463473633294,172.713594581518,340.6507014997578,82.40880503144626,103.98742138364787,1320.7740686986072,61.125302370584905,937.759071117558,370.5960328979163,1965.980648282537,795.6192549588814,235.8930817610053,1350.5195936139353,223.3962264150946,369.2801161103048,541.1567489114659,39.5839380745042,282.1407837445572,69.29946782777006,636.0304789550064,2680.845670053215,194.88485728108344,18.759554910498537,847.0324141267629,1377.7237542332005,85.98355104015491,194.041606192548,59.31107885824895
2025,United Kingdom,35.189163038219704,11.651669085631283,68.07402031930178,33.896468311562785,2029.5505563618717,150.10933720367575,64.14658925979165,14.792936623125343,45.25737784228386,706.2259313013928,210.92888243830384,20.70633768746984,20.602322206095778,293.2955974842771,71.26995645863462,34.634252539912836,42.442186744073524,46.90904692791537,35.40590227382654,26.994678277697403,142.68746976294096,322.44073536526776,90.3633284954085,69.38703434929812,5.85099177551956,43.896468311560966,14.450895016932805,32.44702467343973,68.99758103531713,29.812288340590385,289.4083212385085,8.47653604257357,1142.5273343009248,231.14465408805336,9.931785195936138,151.52201257861452,41.470730527334126,127.80164489598428,158.2752781809395,32.87808417997098,73.80938558297021,8.247701983551025,83.21819061441693,855.5732946298958,72.8737300435414,10.574262215771341,169.39235607159935,277.3052733430086,7.413642960812922,60.766811804547615,3.2389937106916022
2026,"China, People's Republic",171.32414126753793,2.668118045476149,422.66811804547615,80.48234155781029,23911.721819061437,390.8248669569439,195.35171746493143,148.9206579583938,235.87760038703345,1937.4949201741656,1047.3062409288832,317.6555394291281,88.26705370101536,1903.8543783260684,338.7063376874685,182.13884857281118,193.6729559748428,139.5703918722793,213.31204644412173,33.59748427673003,1217.0237058538914,2082.134494436381,555.5283018867922,389.2123850991775,110.57668118045467,298.2443154329958,39.061925495887635,113.06676342525401,625.3889695210446,51.00677310111132,1835.1688437348785,59.75133043057576,11638.252056119964,875.0628930817606,31.925012094823614,663.7208514755621,191.12094823415646,613.5834542815674,1524.3067247218205,112.33865505563608,196.3468795355584,31.10885341074004,317.5142718916286,3707.154813739733,249.73681664247715,0.5118529269475403,959.830672472177,3001.904208998574,47.4571843251083,336.1799709724237,38.3343009192065
2026,Dominican Republic,57.86550556361999,117.08853410740176,84.6110304789554,26.53459119496847,307.56603773584357,50.06724721819046,1430.2293178519612,82.5205611998067,102.1069182389947,5392.882438316417,595.2960812772144,0.5950653120465859,4.481373971940009,242.18529269472856,155.88921141751416,30.49685534591208,31.553942912433286,40.735849056604366,377.1601354620216,12.360425737784226,645.0106434445988,6972.292210933752,201.01354620222628,73.16400580551544,69.69085631349753,70.88388969521111,3.8035800677310476,23.417997097242505,84.00580551523944,308.32123850991775,11818.04934687959,17.327044025156965,30186.616352201207,783.6540880503162,9.838413159167885,418.16207063377806,36.1262699564586,32.329946782776915,5580.576197387534,1775.869375907103,129.968553459119,6.98742138364787,125.97435897435935,666.0425737784244,80.45041122399653,4.3144654088050345,351.88195452346554,59.29704886308673,16.63280116110286,114.62941461054652,5.376874697629546
2026,India,380.96226415094316,14.231736816642481,771.7363328495404,265.48089017900384,11889.269956458622,419.2951136913401,742.8955007256882,223.56265118529154,49.815674891146585,1967.1499758103546,2722.8780841799744,18.791001451378747,40.88679245283015,3844.904692791475,940.9458151910876,202.32123850991775,233.73052733430268,332.5771649733906,121.66231253023761,31.599903241412676,1028.4228350266058,1558.264150943396,1132.3807450411114,868.405418480892,153.4934687953555,427.70827285921587,10.825834542815642,87.89211417513252,172.51282051282033,151.3251088534107,6104.724721819046,99.75520077406873,3506.6134494436556,1746.697629414608,39.50507982583463,1636.3415578132553,202.26947266569914,518.5220125786145,2316.2215771649735,70.26221577164961,447.0856313497825,20.92985002418959,634.8301886792451,6854.420416061912,179.51282051282033,23.288824383163956,1355.6337687469786,2138.9637155297532,69.87856797290806,467.050798258344,-0.8882438316404659
2026,Iran,10.703918722785602,-0.866956942428601,72.82728592162312,22.968069666183055,2750.280599903199,77.01693275278194,50.565553942912175,9.87953555878084,39.52201257861657,177.57039187227565,274.81422351233596,5.71311078858249,29.64876632801159,263.05611998064796,56.376874697629546,15.095791001451289,19.649250120946817,40.36719883889714,37.94484760522498,-0.36332849540417556,205.6424770198355,329.94484760522573,216.0009675858746,39.24383164005849,16.247218190614376,50.79922593130095,4.15529753265605,30.825350749879135,126.66908563134973,11.623125302370454,100.29850024189363,14.895984518626165,253.1272375423323,131.07450411223994,9.357522980164504,138.5452346395743,64.02951136913407,110.3676826318337,148.7822931785197,10.557329462989799,48.52394775036282,3.30478955007257,21.438316400579424,1137.1069182389947,20.083696178035098,1.8147073052733447,281.31011127237434,414.0609579100146,8.635703918722811,48.61780358006774,7.006773101112685
2026,Mexico,691.3449443638128,91.12336719883888,8139.345911949684,766.7445573294681,43870.59506531223,4548.902273826796,239.89888727624566,217.96855345911945,112.11030478954945,3936.093855829705,3312.2723754233193,84.1233671988391,737.8780841799708,9011.310595065312,2076.4363812288357,781.4271891630387,1681.7493952588302,593.4417029511387,632.8021286889161,11.521044992742986,316.3289791969037,327.14320270924145,1736.1702951136976,2010.115142718947,343.4213836477993,803.1630382196417,41.020319303338226,858.3018867924529,2260.7392356071505,82.02805999032444,1230.8684083212356,2568.28688921142,2705.9632317368087,3915.6178035800694,94.18142235123378,954.8819545234728,1840.8577648766295,2727.882922109333,938.951620706337,80.52152878567995,822.1161103047889,83.16448959845275,1407.3855829704917,38383.08224479924,2242.5268505079875,12.357522980164504,482.8892114175251,4097.40735365267,52.37590711175608,1562.0807934204204,137.90227382680223
2026,Pakistan,39.54571843251097,-3.8703434929850573,88.7005321722304,30.05321722302847,1901.3652636671468,71.49637155297535,249.8751814223515,30.59990324141245,15.963231736816638,282.4987905176604,463.9579100145139,4.206579583938151,22.164973391388685,1046.5457184325114,108.22738268021294,51.96468311562671,65.76874697629415,64.12675374939533,94.95742622157707,13.191582002902805,656.2094823415578,313.19932268988873,299.56168359941876,98.41993226898921,12.47943880019352,95.5882922109331,5.672955974842694,7.267053701015811,43.99322689888595,22.990324141267592,1109.711175616836,24.437348814707264,2805.5824866956973,402.23899371069274,12.050798258345367,245.5582970488631,122.28785679729071,44.94823415578139,507.2723754233193,51.85195936139348,23.259796806966733,9.135945815191121,65.57135945815162,2268.9366231253007,68.63086598935661,-3.531204644412128,1087.0033865505575,319.9767779390422,16.533139816158837,119.6003870343493,2.953072085147568
2026,Philippines,248.53265602322244,532.8548621190139,807.9424286405415,194.28108369617803,7708.518626027973,352.9235607160135,107.61006289307988,70.90275761973862,47.6371552975329,2367.254958877602,566.7522980164485,2414.16642477017,78.7576197387516,1089.9608127721585,356.5679729075956,197.82293178519467,213.8853410740203,177.24673439767776,398.3280116110327,66.22980164489599,795.488147073047,251.90711175616707,325.72665699080244,363.5070149975811,175.63957426221532,339.84083212385053,83.69182389937077,105.44025157232682,1277.6768263183476,59.845186260280116,834.3555878084153,383.8311562651179,1900.9080793420435,810.9414610546701,247.74213836477793,1399.9680696661817,224.13207547169827,367.58055152394763,538.7445573294635,38.023705853894626,283.9187227866473,70.67247218190641,646.3947750362859,2667.01693275278,195.95307208514714,18.107885824867026,808.4039671020873,1340.4378326076549,87.42186744073524,188.69762941460976,60.72762457668114
2026,United Kingdom,33.14852443154359,11.34542815674888,57.101596516688005,33.008224479922774,2008.1151427189106,145.01935171746482,47.94629898403218,14.016448959845093,43.22254475084719,659.3231736816524,194.41219158199237,19.35510401548163,19.611030478954945,283.65408805031257,65.78229317851947,34.26269956458634,41.600387034349296,45.56797290759596,33.17803580067721,25.724721819061415,135.01548137397185,311.34349298500456,76.97581035317125,64.83841315916652,4.292210933720071,39.00822447992141,14.141751330430566,33.12336719883888,66.23850991775544,27.108369617803874,268.9395258829245,6.0135462022253705,1118.0048379293657,221.93710691824526,9.92597968069666,144.72955974842625,39.98597000483778,126.55781325592625,141.05757135945896,32.420899854862114,69.59458151910985,8.176584421867432,79.28640541848108,835.4731494920197,71.65021770682142,8.977745524915008,156.11369134010602,268.7000483792908,6.214804063860811,57.39235607160117,2.6352201257859633
