State,Year,GDP,Birth Rate,GDP Per Capita,Unemployeement Rate
Alabama,2011,187605.8,1.84,85199.67147,0.095791224
Alabama,2012,189245.5,1.81,86846.7158,0.081666459
Alabama,2013,191369.8,1.79,88069.42997,0.073254549
Alabama,2014,189886.3,1.83,87723.68787,0.067383567
Alabama,2015,191335.2,1.83,88889.84213,0.061200756
Alabama,2016,194283.8,1.82,90123.47087,0.058829796
Alabama,2017,196974.9,1.82,89396.71314,0.045221099
Alabama,2018,200372.6,1.79,89459.33545,0.039277528
Alabama,2019,203432.7,1.81,89523.05939,0.031857429
Alabama,2020,199880.8,1.78,88075.44812,0.063956746
Alabama,2021,209979.3,1.77,92934.49685,0.033754813
Alaska,2011,55280.3,2.28,151683.4147,0.077473228
Alaska,2012,58283.6,2.19,159998.2797,0.07236652
Alaska,2013,55354.3,2.22,152223.4656,0.069931189
Alaska,2014,54188.2,2.19,148730.8125,0.067416902
Alaska,2015,54740.8,2.17,151080.4412,0.062787348
Alaska,2016,54246.6,2.14,149812.2052,0.065945206
Alaska,2017,54278.7,2.02,150547.1263,0.065074777
Alaska,2018,53327,1.97,150013.1512,0.060394731
Alaska,2019,53433.8,1.94,151287.5729,0.055939106
Alaska,2020,50705.2,1.89,146132.9534,0.083067488
Alaska,2021,50869.4,1.89,144030.7375,0.064249971
Arizona,2011,266101.5,2,87196.00321,0.094398644
Arizona,2012,271440,2,88856.91006,0.083437323
Arizona,2013,273481.9,1.97,89227.66226,0.077993591
Arizona,2014,276948.9,1.97,88810.77586,0.068072872
Arizona,2015,282577,1.92,88718.77898,0.060829009
Arizona,2016,291275.2,1.87,89514.24324,0.054808888
Arizona,2017,303606.1,1.79,93710.26229,0.049565925
Arizona,2018,314827.5,1.72,94663.5433,0.048104955
Arizona,2019,325395.3,1.67,94833.47314,0.048136357
Arizona,2020,327178,1.58,94280.85399,0.078240601
Arizona,2021,347656,1.64,98445.897,0.050655437
Arkansas,2011,107932.5,2,79505.86161,0.079007411
Arkansas,2012,108492.1,1.97,80348.05213,0.072654184
Arkansas,2013,110752.4,1.94,83161.46378,0.07042472
Arkansas,2014,111734.5,1.97,84144.20967,0.058925748
Arkansas,2015,112351,1.98,83881.07211,0.049543956
Arkansas,2016,112798.1,1.95,83925.22717,0.039884747
Arkansas,2017,113850.2,1.91,84457.8796,0.03729215
Arkansas,2018,115885.2,1.88,86232.62454,0.036576157
Arkansas,2019,117126.2,1.86,86464.42381,0.034967996
Arkansas,2020,117268.2,1.79,87058.92659,0.061913047
Arkansas,2021,123347.3,1.84,92054.59189,0.040603792
California,2011,2063827.5,1.9,112132.9778,0.118817636
California,2012,2113096.4,1.89,114289.71,0.105218169
California,2013,2179229,1.84,117361.715,0.090284682
California,2014,2256054.7,1.84,120792.5513,0.075615379
California,2015,2357452.9,1.79,125230.8652,0.062433048
California,2016,2427894.6,1.77,127690.467,0.055160447
California,2017,2538204,1.69,132311.1528,0.048373272
California,2018,2644061.2,1.63,137079.3844,0.042578711
California,2019,2729225.8,1.6,140572.5763,0.040935427
California,2020,2667220.9,1.52,140630.8786,0.101459284
California,2021,2874730.8,1.54,151484.1215,0.073200113
Colorado,2011,271700.6,1.85,99517.71679,0.086870711
Colorado,2012,276823.1,1.83,100656.7474,0.079860113
Colorado,2013,286259.1,1.79,103469.3667,0.06740464
Colorado,2014,298655.3,1.77,106651.3897,0.049742953
Colorado,2015,312409.7,1.75,110550.84,0.037287958
Colorado,2016,318953.4,1.71,110213.5362,0.03135561
Colorado,2017,329913.3,1.63,111341.3783,0.026182815
Colorado,2018,342733.2,1.56,112217.7536,0.030422516
Colorado,2019,358438.5,1.53,115403.2055,0.026705562
Colorado,2020,353345.2,1.48,114436.7318,0.067525498
Colorado,2021,373763.3,1.52,118321.0406,0.054553318
Connecticut,2011,238542.4,1.71,124611.4062,0.090114165
Connecticut,2012,240911.9,1.66,127599.851,0.083689856
Connecticut,2013,236050.6,1.63,126355.2713,0.079457574
Connecticut,2014,235780.9,1.63,124811.5577,0.066208684
Connecticut,2015,242706.5,1.61,128275.8655,0.056117118
Connecticut,2016,243286.7,1.63,128489.4499,0.048682894
Connecticut,2017,247035.9,1.59,128444.6924,0.044136611
Connecticut,2018,249074.8,1.57,129490.1052,0.038807292
Connecticut,2019,251568.2,1.54,129748.9188,0.036011982
Connecticut,2020,235234.9,1.51,124887.489,0.079482385
Connecticut,2021,246555.9,1.58,132879.9612,0.062716529
Delaware,2011,62919.3,1.9,141778.9756,0.076015137
Delaware,2012,62354.6,1.85,139796.3742,0.070660714
Delaware,2013,60235.8,1.79,135760.5963,0.066067326
Delaware,2014,64940.1,1.79,143463.8076,0.055948737
Delaware,2015,66793.5,1.81,144311.1721,0.047851299
Delaware,2016,63001.3,1.78,134339.9381,0.045299168
Delaware,2017,60357.5,1.75,127019.3737,0.044713611
Delaware,2018,61425.1,1.72,127888.8946,0.037196679
Delaware,2019,64143.5,1.71,132361.5291,0.036041477
Delaware,2020,62281.8,1.67,128027.2711,0.075239029
Delaware,2021,64404.7,1.68,130352.601,0.055042294
District of Columbia,2011,111646.5,1.64,317041.2531,0.101779869
District of Columbia,2012,112157,1.61,307171.1707,0.089832032
District of Columbia,2013,112332.4,1.53,300179.04,0.084393322
District of Columbia,2014,114553.6,1.52,301600.4992,0.077080355
District of Columbia,2015,116808.4,1.48,300737.1134,0.069131736
District of Columbia,2016,119644.3,1.49,302691.2086,0.062370051
District of Columbia,2017,120759.4,1.42,307057.7092,0.060899064
District of Columbia,2018,123680.5,1.35,312780.963,0.056812077
District of Columbia,2019,124597.2,1.31,311441.9365,0.054847674
District of Columbia,2020,122485.3,1.27,317509.8537,0.078528314
District of Columbia,2021,126983,1.34,335732.0975,0.068361033
Florida,2011,772021.3,1.8,83367.04743,0.100123032
Florida,2012,778545,1.77,83377.55873,0.086511712
Florida,2013,794842.1,1.77,84402.03077,0.075218874
Florida,2014,817233.5,1.77,85609.12687,0.064428423
Florida,2015,852242.4,1.77,88399.74064,0.055216136
Florida,2016,881539.2,1.75,89564.45417,0.04900895
Florida,2017,912687.4,1.71,91523.823,0.042949102
Florida,2018,941626.7,1.67,93069.17774,0.036501493
Florida,2019,965672.5,1.66,93872.69302,0.032485191
Florida,2020,950164.4,1.57,93987.28859,0.081221145
Florida,2021,1029575.6,1.62,99426.77519,0.046534744
Georgia,2011,441626.7,1.93,93187.14312,0.101481736
Georgia,2012,447764.7,1.88,93835.47537,0.090473866
Georgia,2013,454908.9,1.86,95743.17422,0.081344046
Georgia,2014,470009.7,1.87,99033.20478,0.071447559
Georgia,2015,489182.3,1.85,103320.7986,0.060669178
Georgia,2016,506816.2,1.82,102974.9961,0.054559596
Georgia,2017,523805.3,1.79,102551.1879,0.047632094
Georgia,2018,538604.6,1.73,105065.5835,0.039936968
Georgia,2019,557364.4,1.72,107992.5745,0.035782608
Georgia,2020,537615.8,1.65,105539.1403,0.06451247
Georgia,2021,575292.2,1.67,111036.5642,0.039081634
Hawaii,2011,70646.6,2.11,106964.9414,0.068339226
Hawaii,2012,71905.3,2.1,110535.1387,0.059147441
Hawaii,2013,73063.2,2.08,112207.4236,0.047518669
Hawaii,2014,73512.4,2,110692.6914,0.042380119
Hawaii,2015,75869.5,1.97,113132.4835,0.034191475
Hawaii,2016,77303.9,1.94,113809.9073,0.028885843
Hawaii,2017,78947.4,1.89,113566.3106,0.022057092
Hawaii,2018,79845.3,1.85,115338.6711,0.023992987
Hawaii,2019,79213.4,1.85,115433.4415,0.02521437
Hawaii,2020,70109.4,1.77,105625.671,0.117322309
Hawaii,2021,74547.2,1.73,111238.9093,0.060323572
Idaho,2011,58226.2,2.15,76205.62902,0.081761382
Idaho,2012,58323.9,2.19,75541.91743,0.073907163
Idaho,2013,60631.2,2.13,77963.92552,0.068115179
Idaho,2014,62454,2.15,80372.01689,0.043848953
Idaho,2015,63081.2,2.13,79357.66967,0.038735191
Idaho,2016,65479,2.07,80530.94497,0.03671257
Idaho,2017,66941,2.01,79730.75688,0.032053513
Idaho,2018,70857.3,1.9,82155.33604,0.028721356
Idaho,2019,74162.6,1.92,83462.78903,0.028667476
Idaho,2020,75145.5,1.84,83328.58972,0.055044519
Idaho,2021,80093.8,1.85,86536.07939,0.034841391
Illinois,2011,711283.4,1.84,108288.2167,0.097648092
Illinois,2012,726399.1,1.82,110312.7865,0.090501434
Illinois,2013,726125,1.79,110719.3807,0.090626434
Illinois,2014,741194,1.81,113760.313,0.071748851
Illinois,2015,751754.9,1.81,115423.9814,0.060083017
Illinois,2016,749333.5,1.78,114252.2351,0.05891094
Illinois,2017,753027,1.73,114772.9823,0.049445657
Illinois,2018,771695.5,1.69,117669.5888,0.04384585
Illinois,2019,775998.1,1.65,118487.7717,0.039688971
Illinois,2020,734385,1.59,115691.1492,0.093109568
Illinois,2021,780060.8,1.57,122469.9654,0.060893038
Indiana,2011,299064.5,1.95,93796.29262,0.089106392
Indiana,2012,300513.9,1.93,94705.49346,0.08222478
Indiana,2013,307279.1,1.92,96245.33863,0.074924298
Indiana,2014,316783.1,1.93,98099.17293,0.059399849
Indiana,2015,313751.2,1.93,96038.40175,0.047912903
Indiana,2016,319601.5,1.9,95916.86244,0.043693312
Indiana,2017,324997.6,1.87,97508.14105,0.034990905
Indiana,2018,336327.1,1.85,99113.92328,0.034218906
Indiana,2019,337902.2,1.82,99284.38481,0.032962994
Indiana,2020,327277.9,1.77,97825.18797,0.072978269
Indiana,2021,346240.9,1.79,103160.7343,0.038909577
Iowa,2011,152435.2,1.97,91272.20479,0.056388637
Iowa,2012,158538.4,1.99,95484.44864,0.050652369
Iowa,2013,158480.8,2,94509.20003,0.047298988
Iowa,2014,166619.2,2.02,98067.38001,0.042365945
Iowa,2015,171126.5,2.01,100625.2727,0.037048788
Iowa,2016,170389.1,1.99,100047.1741,0.03592123
Iowa,2017,170887.5,1.94,100666.5746,0.030591171
Iowa,2018,173547.7,1.9,101388.771,0.025756818
Iowa,2019,173722,1.9,99662.16491,0.02661337
Iowa,2020,170957.4,1.82,102158.1913,0.051727434
Iowa,2021,179753,1.85,106313.1353,0.037963605
Kansas,2011,139579.4,2.09,93189.17591,0.063904094
Kansas,2012,141818.2,2.12,95120.09775,0.057199493
Kansas,2013,141723.4,2.04,95127.20268,0.052948868
Kansas,2014,145344.1,2.05,97275.91832,0.045064137
Kansas,2015,148810.5,2.05,99614.46189,0.041549398
Kansas,2016,153695.3,2,103026.2916,0.040269184
Kansas,2017,155514.7,1.93,104490.4063,0.036224956
Kansas,2018,158734.4,1.92,106301.7222,0.033611443
Kansas,2019,159826.2,1.87,106226.0375,0.032711769
Kansas,2020,158348.3,1.82,105380.1345,0.058300929
Kansas,2021,162290.9,1.84,108114.8593,0.033076197
Kentucky,2011,175745.3,1.94,85263.34991,0.093663385
Kentucky,2012,178143.7,1.95,86465.26803,0.082054105
Kentucky,2013,181505.9,1.95,88253.08931,0.079330384
Kentucky,2014,181471.8,1.96,90442.91771,0.064216435
Kentucky,2015,182916,1.95,92399.70701,0.052243869
Kentucky,2016,184115,1.93,91328.08541,0.050334987
Kentucky,2017,185920.6,1.9,90565.13151,0.04777439
Kentucky,2018,187926.6,1.87,91546.09405,0.042252277
Kentucky,2019,192971.9,1.85,93280.21227,0.041108485
Kentucky,2020,188396.3,1.8,93416.12856,0.064836521
Kentucky,2021,197818.3,1.81,97598.0744,0.044298832
Louisiana,2011,234975.7,1.91,112964.3842,0.074267181
Louisiana,2012,235384.7,1.92,112611.4033,0.067649335
Louisiana,2013,228452.8,1.93,108690.6925,0.064025384
Louisiana,2014,235355.1,1.96,109907.2879,0.062499864
Louisiana,2015,233016,1.96,108342.3164,0.062866892
Louisiana,2016,228428.5,1.93,107550.9953,0.060748843
Louisiana,2017,233351.7,1.88,110705.8305,0.051146773
Louisiana,2018,237298.3,1.86,112488.5238,0.048317122
Louisiana,2019,237044.6,1.86,112592.0041,0.046225284
Louisiana,2020,218421.7,1.83,105790.3611,0.086238872
Louisiana,2021,221152.7,1.87,106609.4223,0.055769207
Maine,2011,53789,1.67,76962.22261,0.077287734
Maine,2012,53679.7,1.68,76593.97475,0.071928299
Maine,2013,53239.1,1.67,75587.96762,0.066834509
Maine,2014,54037.9,1.66,77415.03391,0.055770645
Maine,2015,54425.8,1.64,79118.66183,0.043915482
Maine,2016,55565.4,1.64,80072.59056,0.037754823
Maine,2017,56469.4,1.58,80239.75083,0.033643055
Maine,2018,58099.9,1.58,82897.57732,0.031853199
Maine,2019,59553.4,1.5,85327.2596,0.029300826
Maine,2020,59881.4,1.45,89277.10789,0.050944012
Maine,2021,63594.5,1.48,92846.94296,0.046124905
Maryland,2011,332437.2,1.85,107344.8714,0.073092687
Maryland,2012,332523.5,1.83,106532.8168,0.068703231
Maryland,2013,334268.9,1.79,106812.2526,0.065236095
Maryland,2014,339604.6,1.82,108678.7552,0.057330574
Maryland,2015,348151.8,1.8,110870.5081,0.04986212
Maryland,2016,360082,1.79,114088.9044,0.04292774
Maryland,2017,366204.4,1.75,112886.715,0.039949842
Maryland,2018,367977.4,1.75,112512.3479,0.038085832
Maryland,2019,368056.4,1.73,110388.9419,0.033839073
Maryland,2020,352384,1.69,108752.1584,0.064836157
Maryland,2021,368571.1,1.66,116128.2984,0.053002499
Massachusetts,2011,434494.5,1.67,124705.313,0.07222971
Massachusetts,2012,442916.9,1.63,126295.4647,0.067127632
Massachusetts,2013,444874,1.6,126474.0892,0.066338362
Massachusetts,2014,451568.9,1.58,126528.4047,0.057386237
Massachusetts,2015,468060.9,1.55,130371.9721,0.047872227
Massachusetts,2016,475349,1.54,131377.4976,0.040276885
Massachusetts,2017,482808.4,1.51,129642.4543,0.038140726
Massachusetts,2018,501541.5,1.45,131350.6196,0.034764811
Massachusetts,2019,514170.8,1.45,133847.5932,0.030209745
Massachusetts,2020,500001,1.39,133382.9309,0.093547398
Massachusetts,2021,533102.1,1.43,142402.6984,0.055358152
Michigan,2011,414834.4,1.84,88855.5046,0.100060733
Michigan,2012,422691.2,1.82,90196.02467,0.090403837
Michigan,2013,428737.6,1.83,90490.50279,0.087179753
Michigan,2014,434313.2,1.83,91262.67679,0.072183263
Michigan,2015,443831.2,1.81,93226.69614,0.054207208
Michigan,2016,452325.2,1.79,93280.13978,0.050013919
Michigan,2017,457614,1.76,93186.64917,0.045896092
Michigan,2018,466559.4,1.73,94356.07783,0.041701964
Michigan,2019,467107,1.69,93862.92966,0.040752248
Michigan,2020,448455.3,1.63,92253.47879,0.099581665
Michigan,2021,481778,1.64,100762.2014,0.058472562
Minnesota,2011,293783.2,1.95,99512.07054,0.065189243
Minnesota,2012,298328.3,1.94,101113.1817,0.056465943
Minnesota,2013,305486.4,1.94,103146.9463,0.050365863
Minnesota,2014,314091.3,1.94,105408.9324,0.042657681
Minnesota,2015,318913.2,1.93,106098.8747,0.037814721
Minnesota,2016,324030.3,1.93,107162.4008,0.038627248
Minnesota,2017,327483.2,1.87,106649.4948,0.03493767
Minnesota,2018,336892.2,1.83,109564.0211,0.030203056
Minnesota,2019,340557.1,1.79,109541.4876,0.032443638
Minnesota,2020,328489.5,1.72,104854.5623,0.062781694
Minnesota,2021,346204.3,1.75,113892.3502,0.037861087
Mississippi,2011,98515.8,1.94,73183.61039,0.097711937
Mississippi,2012,100448.4,1.89,75492.99042,0.088268519
Mississippi,2013,100331.2,1.88,78777.24129,0.084891938
Mississippi,2014,100283.6,1.89,80624.20684,0.075980308
Mississippi,2015,100482.4,1.87,79753.02657,0.064820936
Mississippi,2016,101255.3,1.87,79598.16495,0.059710304
Mississippi,2017,101245.3,1.85,79563.74255,0.052353736
Mississippi,2018,100872.7,1.84,79565.15223,0.049561576
Mississippi,2019,100982.8,1.85,78985.26022,0.055111901
Mississippi,2020,100526.9,1.81,80621.76835,0.080029711
Mississippi,2021,104353.5,1.82,83083.44006,0.054930298
Missouri,2011,268533.8,1.92,88550.10934,0.086483414
Missouri,2012,271535.1,1.89,90359.08601,0.071823331
Missouri,2013,274599.3,1.88,91155.44048,0.067851805
Missouri,2014,276080.7,1.87,90953.04768,0.061565313
Missouri,2015,279020.8,1.86,91245.86035,0.051019312
Missouri,2016,279109.2,1.86,90834.25716,0.045455498
Missouri,2017,281253.3,1.81,92115.71847,0.037376736
Missouri,2018,284540.3,1.82,93340.7219,0.032353999
Missouri,2019,290619.5,1.79,94531.26999,0.032048645
Missouri,2020,282754.1,1.72,93074.85142,0.061464638
Missouri,2021,295687.3,1.73,96937.35134,0.040881923
Montana,2011,41875.7,1.96,83579.74114,0.066356215
Montana,2012,42340.9,1.96,83574.36995,0.058045515
Montana,2013,42968.2,1.97,84059.51906,0.053398061
Montana,2014,43829.1,1.95,85462.73359,0.046593875
Montana,2015,45395.7,1.96,87673.44022,0.042788949
Montana,2016,44436.8,1.89,85160.48913,0.04312231
Montana,2017,45974.3,1.8,87001.91748,0.040876227
Montana,2018,46584.1,1.73,87063.5234,0.037317242
Montana,2019,46886.2,1.66,86205.9989,0.035062215
Montana,2020,46750.4,1.6,85758.27167,0.058311151
Montana,2021,48976.2,1.62,88947.73189,0.033865599
Nebraska,2011,102587.4,2.11,102235.3356,0.044058776
Nebraska,2012,102725.9,2.12,101413.2575,0.038939158
Nebraska,2013,104680,2.12,103114.2107,0.036770802
Nebraska,2014,107936.8,2.16,106597.1317,0.032519475
Nebraska,2015,111401.5,2.15,110102.0753,0.029988328
Nebraska,2016,112611.5,2.14,110831.1454,0.030681476
Nebraska,2017,114143.9,2.06,111562.947,0.029749591
Nebraska,2018,116792.9,2.03,112689.1644,0.029250791
Nebraska,2019,118603.7,1.97,112780.6115,0.03120816
Nebraska,2020,118141.5,1.94,112695.8488,0.043082832
Nebraska,2021,122136.1,1.95,116366.2723,0.026841207
Nevada,2011,130697.9,1.91,96057.32958,0.133088025
Nevada,2012,129312.9,1.87,94622.43767,0.116197579
Nevada,2013,129720.9,1.86,94621.87104,0.099633408
Nevada,2014,130897.4,1.87,94846.88246,0.081639741
Nevada,2015,136347.4,1.86,97612.28938,0.068401914
Nevada,2016,140081.2,1.83,99038.91316,0.05799562
Nevada,2017,145485.5,1.77,100753.7082,0.049952504
Nevada,2018,150448,1.75,100655.2715,0.04381523
Nevada,2019,156959.1,1.7,101499.3211,0.041124511
Nevada,2020,146492.5,1.6,97255.88271,0.13528665
Nevada,2021,159567.3,1.61,106386.0607,0.06939235
New Hampshire,2011,67559.1,1.67,91706.32229,0.054570016
New Hampshire,2012,68498.1,1.61,92445.53913,0.05448646
New Hampshire,2013,69080.3,1.6,92944.43405,0.052372396
New Hampshire,2014,70213.7,1.58,94389.36485,0.043120264
New Hampshire,2015,72042.4,1.59,96529.80826,0.034068813
New Hampshire,2016,73572.2,1.55,97774.72904,0.028697737
New Hampshire,2017,73972.7,1.52,97569.97376,0.028028745
New Hampshire,2018,75433,1.47,97920.86008,0.026245762
New Hampshire,2019,76819.1,1.43,98429.74402,0.025631711
New Hampshire,2020,75927.6,1.41,99370.84735,0.066774683
New Hampshire,2021,82986.3,1.48,109646.0161,0.033982664
New Jersey,2011,507604,1.88,111271.794,0.093626077
New Jersey,2012,517195.9,1.85,112993.9524,0.093832951
New Jersey,2013,523725.8,1.81,115656.1368,0.083980743
New Jersey,2014,522166.4,1.81,116199.5065,0.067311909
New Jersey,2015,529953.7,1.8,117903.1277,0.056993715
New Jersey,2016,535055.3,1.79,119080.407,0.049391173
New Jersey,2017,537578.5,1.76,116492.3584,0.045304269
New Jersey,2018,550059.5,1.78,119456.631,0.040070016
New Jersey,2019,559648.8,1.77,119417.5403,0.034515652
New Jersey,2020,535323.7,1.74,115145.0517,0.094246899
New Jersey,2021,566893.2,1.72,121490.5846,0.066245095
New Mexico,2011,87592.9,2,94694.73697,0.072289328
New Mexico,2012,87925.2,1.98,94671.88966,0.069763629
New Mexico,2013,86856.6,1.93,93427.39543,0.068994322
New Mexico,2014,88991.2,1.91,95481.65288,0.065953053
New Mexico,2015,89701.3,1.9,95596.48,0.065990988
New Mexico,2016,89151.4,1.83,94406.55671,0.067675678
New Mexico,2017,88962.9,1.76,93806.7194,0.060615625
New Mexico,2018,90933.6,1.7,96241.94477,0.049328086
New Mexico,2019,94897.4,1.69,99248.57324,0.049615188
New Mexico,2020,92496.3,1.61,99296.5675,0.078997158
New Mexico,2021,93625.1,1.58,99237.92247,0.070687446
New York,2011,1279527.1,1.79,134175.5331,0.083531999
New York,2012,1328233.5,1.77,138302.1433,0.086230032
New York,2013,1329376.3,1.73,137978.6405,0.078002733
New York,2014,1353410.4,1.73,142100.6209,0.062796463
New York,2015,1373643,1.71,144036.3292,0.052386795
New York,2016,1403230.5,1.69,147273.1742,0.048787858
New York,2017,1419112.1,1.65,144246.4372,0.046365019
New York,2018,1458382.4,1.67,148443.7394,0.040969
New York,2019,1500833.4,1.64,152256.9848,0.038515326
New York,2020,1432507,1.57,149579.6962,0.097944776
New York,2021,1514779.2,1.56,158435.9061,0.07021035
North Carolina,2011,443288.7,1.86,95173.70288,0.102347009
North Carolina,2012,445095.3,1.84,94310.92957,0.095025622
North Carolina,2013,452056.2,1.82,96155.42571,0.077469056
North Carolina,2014,462253.1,1.83,98375.69638,0.061163628
North Carolina,2015,475096.6,1.82,99736.61243,0.056528507
North Carolina,2016,482968.9,1.79,99682.91705,0.05093659
North Carolina,2017,495221.3,1.77,101771.2721,0.045213399
North Carolina,2018,501564.9,1.73,102092.0843,0.04008292
North Carolina,2019,512834.8,1.71,102702.1948,0.038627697
North Carolina,2020,506658.1,1.66,104722.4852,0.07205003
North Carolina,2021,541933.8,1.73,109369.2679,0.048764303
North Dakota,2011,42340.8,2.08,109304.7315,0.033458345
North Dakota,2012,51832.6,2.12,131047.5397,0.02940247
North Dakota,2013,52892.4,2.14,131727.9092,0.028849818
North Dakota,2014,57790,2.24,141133.1149,0.026228926
North Dakota,2015,56542.4,2.16,137628.0294,0.028009831
North Dakota,2016,52974.6,2.17,128619.1376,0.031011063
North Dakota,2017,54187.1,2.07,130337.921,0.026070583
North Dakota,2018,55914.2,2.03,135696.0178,0.023988514
North Dakota,2019,56385.4,2,136292.775,0.021665648
North Dakota,2020,53653.6,1.93,130933.521,0.049810171
North Dakota,2021,53803.6,1.94,131562.8152,0.030724056
Ohio,2011,541180.2,1.88,93723.62682,0.088350739
Ohio,2012,545740.1,1.89,95527.5478,0.074033821
Ohio,2013,556210.5,1.88,97459.61896,0.074321384
Ohio,2014,574177.9,1.88,100505.316,0.0580788
Ohio,2015,578852.4,1.87,101339.1382,0.049470807
Ohio,2016,583946.4,1.85,101455.6134,0.05062538
Ohio,2017,593636,1.83,102048.0763,0.049653595
Ohio,2018,597925.5,1.79,102723.4424,0.045014666
Ohio,2019,613251.4,1.78,104315.9695,0.041753835
Ohio,2020,594143.6,1.71,103279.17,0.082535023
Ohio,2021,629287,1.72,109830.9661,0.051352622
Oklahoma,2011,166327.2,2.04,94128.72587,0.055873684
Oklahoma,2012,174874.4,2.04,97414.77431,0.05092199
Oklahoma,2013,177698.9,2.04,98719.88808,0.051216004
Oklahoma,2014,189360,2.03,105310.376,0.043394695
Oklahoma,2015,197071.9,2,107748.6725,0.042899855
Oklahoma,2016,193025.1,1.98,105596.329,0.046480049
Oklahoma,2017,194017.2,1.9,106225.0578,0.040295832
Oklahoma,2018,197453.2,1.88,107835.3633,0.03289972
Oklahoma,2019,201161.5,1.86,109329.2393,0.0313071
Oklahoma,2020,192485.5,1.79,104546.2061,0.063064261
Oklahoma,2021,193230,1.83,103831.7524,0.040318115
Oregon,2011,173831.7,1.76,87101.84874,0.096020293
Oregon,2012,174611,1.74,88871.25601,0.088154291
Oregon,2013,175933.8,1.73,91384.26801,0.077529728
Oregon,2014,181220.6,1.72,92952.37053,0.066371322
Oregon,2015,189946.5,1.7,95945.55425,0.054527873
Oregon,2016,198079.3,1.65,96972.15517,0.047471019
Oregon,2017,205524,1.56,98984.92896,0.040598547
Oregon,2018,214902.5,1.49,103295.9343,0.040247254
Oregon,2019,219588,1.47,104841.7059,0.037240733
Oregon,2020,215743.6,1.39,102411.1277,0.075979325
Oregon,2021,227979.1,1.43,106102.422,0.052126313
Pennsylvania,2011,637114,1.8,99850.82913,0.07751165
Pennsylvania,2012,647925.9,1.78,100458.9753,0.076567331
Pennsylvania,2013,655929.2,1.75,102150.9747,0.071146892
Pennsylvania,2014,669643.1,1.76,104812.212,0.059370121
Pennsylvania,2015,682466.1,1.74,106244.5212,0.053892947
Pennsylvania,2016,688359.4,1.72,106562.1919,0.053371833
Pennsylvania,2017,694866.6,1.69,107171.5806,0.04977915
Pennsylvania,2018,704027.8,1.67,108153.4066,0.044223651
Pennsylvania,2019,715060.7,1.65,108796.1567,0.0432675
Pennsylvania,2020,680957.4,1.61,104576.7261,0.089097714
Pennsylvania,2021,710973.1,1.61,110247.0384,0.060358699
Rhode Island,2011,51279.6,1.6,91247.80298,0.110179883
Rhode Island,2012,51583,1.59,92060.92122,0.10232526
Rhode Island,2013,51910.8,1.57,92888.0842,0.094689004
Rhode Island,2014,52293.4,1.56,93926.03813,0.077679872
Rhode Island,2015,52819.1,1.58,95144.40628,0.060225976
Rhode Island,2016,52902.6,1.54,95592.04981,0.052247191
Rhode Island,2017,52691.8,1.51,92759.7549,0.04508541
Rhode Island,2018,52553.3,1.49,91767.65179,0.040438385
Rhode Island,2019,53411.4,1.43,92996.09421,0.035331699
Rhode Island,2020,51516.1,1.43,90357.43174,0.091732511
Rhode Island,2021,54606,1.42,95527.732,0.055128257
South Carolina,2011,176083.2,1.84,80572.09971,0.104336754
South Carolina,2012,177618.1,1.82,81083.34139,0.090140255
South Carolina,2013,180881.6,1.8,82284.66825,0.074258929
South Carolina,2014,185986.9,1.8,83679.61901,0.062844071
South Carolina,2015,192019.9,1.79,84655.07953,0.058929039
South Carolina,2016,198005.7,1.75,86606.91423,0.049065633
South Carolina,2017,202512.4,1.73,89538.83141,0.041989151
South Carolina,2018,207101.2,1.71,90768.81862,0.033699975
South Carolina,2019,213237.8,1.7,91725.59809,0.027830293
South Carolina,2020,208234.1,1.64,89204.83401,0.059901247
South Carolina,2021,221045,1.71,93871.40615,0.039676058
South Dakota,2011,43049.5,2.25,96566.82807,0.045922864
South Dakota,2012,43901.5,2.27,98186.50064,0.040533909
South Dakota,2013,44147.4,2.27,98632.34054,0.03707197
South Dakota,2014,44846.5,2.27,99499.74458,0.033262909
South Dakota,2015,45664.5,2.27,100777.0871,0.03040394
South Dakota,2016,46076,2.26,101242.9782,0.030187661
South Dakota,2017,45775.8,2.23,100535.8892,0.030500112
South Dakota,2018,46300.3,2.15,100824.9042,0.027968023
South Dakota,2019,46650.5,2.08,100474.9806,0.027857368
South Dakota,2020,47402.4,1.98,102073.3955,0.042272899
South Dakota,2021,49557.9,2.07,105514.105,0.026475099
Tennessee,2011,276898.3,1.87,88836.0988,0.091108304
Tennessee,2012,286341.5,1.87,92476.80402,0.079701966
Tennessee,2013,289794.6,1.85,94108.45368,0.077260621
Tennessee,2014,294130.1,1.87,96638.62758,0.066120237
Tennessee,2015,304484.2,1.85,99038.90414,0.055624723
Tennessee,2016,310143.2,1.82,98874.31497,0.047604146
Tennessee,2017,318963.9,1.8,99787.47139,0.037412414
Tennessee,2018,323541.6,1.78,99316.4342,0.034853642
Tennessee,2019,331176.6,1.76,99289.83663,0.033418173
Tennessee,2020,323454,1.7,97974.4375,0.074830579
Tennessee,2021,352461.2,1.75,105980.6503,0.044945804
Texas,2011,1353600.4,2.07,108287.3714,0.080126878
Texas,2012,1421180.1,2.08,112422.6433,0.06689411
Texas,2013,1484700.1,2.07,115692.5005,0.06295594
Texas,2014,1529617.1,2.09,117601.27,0.051781288
Texas,2015,1605901.7,2.07,122663.721,0.0447423
Texas,2016,1619954.2,2.02,121361.7814,0.046484331
Texas,2017,1659453.3,1.92,123165.9406,0.043498692
Texas,2018,1728304,1.87,126035.9148,0.039106995
Texas,2019,1779781.4,1.85,127825.5095,0.035312238
Texas,2020,1747562,1.78,125276.4519,0.076930573
Texas,2021,1815063.6,1.81,126805.3812,0.05643554
Utah,2011,127992.5,2.38,95414.58233,0.070610431
Utah,2012,129512.5,2.37,96030.49842,0.047747947
Utah,2013,133112.9,2.34,96023.65228,0.04209771
Utah,2014,136993.7,2.33,96757.17881,0.036351943
Utah,2015,141720.5,2.29,97494.58423,0.035397385
Utah,2016,147962.3,2.24,98627.20499,0.033519019
Utah,2017,154758.3,2.12,99574.66686,0.031520206
Utah,2018,164622.1,2.03,103898.2489,0.029194003
Utah,2019,172038.4,1.99,106275.3422,0.025389093
Utah,2020,174954.7,1.92,106227.7844,0.048356327
Utah,2021,186910,1.92,110743.0188,0.027410788
Vermont,2011,29013.5,1.63,81128.46587,0.055645009
Vermont,2012,29241.3,1.61,82608.60967,0.048089455
Vermont,2013,28681.5,1.59,81887.28715,0.044134407
Vermont,2014,28912.2,1.63,82902.20712,0.039986542
Vermont,2015,29119,1.58,84035.67887,0.035360457
Vermont,2016,29408.1,1.54,85029.89684,0.03132614
Vermont,2017,29490.6,1.52,82994.18386,0.030092167
Vermont,2018,29602.2,1.44,83300.47993,0.024773251
Vermont,2019,29940.7,1.43,84722.00476,0.020994899
Vermont,2020,29064.6,1.36,85527.59417,0.057148904
Vermont,2021,30546.8,1.37,90958.52938,0.036971592
Virginia,2011,444288,1.85,105665.5034,0.065667267
Virginia,2012,445973.6,1.84,105726.6834,0.059436098
Virginia,2013,449063.8,1.81,105925.2137,0.055685394
Virginia,2014,447678.1,1.81,105114.2695,0.051181261
Virginia,2015,455162.4,1.8,107514.7406,0.043812805
Virginia,2016,459965.8,1.79,108101.055,0.039932698
Virginia,2017,467362,1.75,107377.9912,0.036636414
Virginia,2018,477915.2,1.73,109653.4175,0.030073235
Virginia,2019,489199.1,1.69,110827.3753,0.027562319
Virginia,2020,478909.3,1.64,110280.2459,0.064816902
Virginia,2021,505351,1.66,116679.1205,0.038827795
Washington,2011,387745.2,1.89,112754.576,0.085281003
Washington,2012,400530.6,1.88,115494.1268,0.07655998
Washington,2013,410873.9,1.84,118726.7574,0.06617388
Washington,2014,424467.6,1.85,121456.0762,0.05924607
Washington,2015,441952.1,1.82,124310.5356,0.054284259
Washington,2016,458263.8,1.81,125574.685,0.052076896
Washington,2017,482007,1.71,129328.0181,0.046359329
Washington,2018,515029.1,1.64,135011.2876,0.044293324
Washington,2019,533150.4,1.6,135530.4425,0.042318437
Washington,2020,538856.1,1.54,136911.677,0.084726644
Washington,2021,575129,1.56,147495.5456,0.052163735
West Virginia,2011,70361.3,1.84,87258.97958,0.078242778
West Virginia,2012,70322.2,1.85,87008.00858,0.072431612
West Virginia,2013,70550.1,1.86,88224.99196,0.067139582
West Virginia,2014,70532.5,1.81,88644.74059,0.065083122
West Virginia,2015,70663,1.78,89264.05129,0.065799231
West Virginia,2016,70011.4,1.74,89179.84146,0.06101551
West Virginia,2017,71425.6,1.73,91030.25501,0.052142448
West Virginia,2018,73170.4,1.71,92223.59489,0.051609913
West Virginia,2019,72633.4,1.72,91309.7043,0.049377071
West Virginia,2020,70444.2,1.65,90348.69516,0.082549317
West Virginia,2021,71343.2,1.65,91580.07699,0.051089374
Wisconsin,2011,272813.2,1.87,88824.38411,0.075470619
Wisconsin,2012,277107.1,1.86,90260.73561,0.069301135
Wisconsin,2013,278015,1.84,90326.25268,0.066451843
Wisconsin,2014,283981.1,1.85,92263.49685,0.053385268
Wisconsin,2015,289077,1.85,93730.24418,0.044255019
Wisconsin,2016,291920.3,1.84,93851.68971,0.039165433
Wisconsin,2017,291922.7,1.79,92926.39435,0.032512663
Wisconsin,2018,299062.6,1.76,95742.17898,0.029897375
Wisconsin,2019,303669,1.73,97586.27924,0.031822443
Wisconsin,2020,293104.9,1.66,94735.16991,0.063815536
Wisconsin,2021,306467.4,1.69,98833.22465,0.038403775
Wyoming,2011,39767.9,1.98,131307.7205,0.061414447
Wyoming,2012,38855.4,1.99,127896.6261,0.054841155
Wyoming,2013,38849.6,1.99,128551.9175,0.047447231
Wyoming,2014,39559.4,1.99,130617.2358,0.043473153
Wyoming,2015,40418.2,2.01,133978.5051,0.042263228
Wyoming,2016,38188.7,1.93,127098.9105,0.053299711
Wyoming,2017,37521.6,1.86,127693.4399,0.043294353
Wyoming,2018,38080.1,1.79,130146.2176,0.040542138
Wyoming,2019,38446.6,1.8,131049.2279,0.037221954
Wyoming,2020,36268.6,1.69,123473.5642,0.0590579
Wyoming,2021,36400,1.75,125884.6582,0.046229757