Country,State,MAE,MAPE,pred2023,data2019,pred2019
China,Alabama,50.44150360309746,0.32754223118894454,[210.14848743],[154],[204.4415036]
China,Alaska,2.493664953548535,0.07556560465298591,[3.38685905],[33],[30.50633505]
China,Arizona,24.387745985657887,0.04897137748124074,[418.00510907],[498],[473.61225401]
China,Arkansas,5.567291445998791,0.06326467552271353,[92.49447216],[88],[93.56729145]
China,California,531.0821861413933,0.02458258591656144,[23722.09175404],[21604],[22135.08218614]
China,Colorado,20.010340482142794,0.038779729616555805,[384.07881371],[516],[495.98965952]
China,Connecticut,8.03267317916243,0.02043937195715631,[190.35703845],[393],[401.03267318]
China,Delaware,40.02114747244978,0.27041315859763365,[60.15387872],[148],[107.97885253]
China,District of Columbia,51.66946388302233,0.5939018837129003,[162.72014293],[87],[138.66946388]
China,Florida,120.15657475899116,0.06998053276586555,[1498.94882561],[1717],[1596.84342524]
China,Georgia,12.276627414673612,0.012501657245085144,[998.92676048],[982],[969.72337259]
China,Hawaii,135.61458321792827,0.2302454723564147,[93.95081472],[589],[453.38541678]
China,Idaho,7.959905830084352,0.06861987784555476,[93.25525523],[116],[108.04009417]
China,Illinois,67.97873057245147,0.03447197290692265,[1899.04828423],[1972],[1904.02126943]
China,Indiana,59.55297002219851,0.15671834216368027,[430.7048001],[380],[439.55297002]
China,Iowa,16.688308707284676,0.09816652180755692,[285.63678582],[170],[186.68830871]
China,Kansas,21.05786532153499,0.12534443643770826,[75.22365172],[168],[189.05786532]
China,Kentucky,28.291316766733672,0.18370984913463423,[21.05679051],[154],[182.29131677]
China,Louisiana,2.772289645214272,0.015149123744340284,[191.64914672],[183],[185.77228965]
China,Maine,10.12460232584636,0.21541707076268854,[7.55691116],[47],[57.12460233]
China,Maryland,126.31491592843827,0.11109491286582082,[1588.20852827],[1137],[1263.31491593]
China,Massachusetts,141.8423771464677,0.0668752367498669,[2478.01599995],[2121],[2262.84237715]
China,Michigan,63.21763392250364,0.0828540418381437,[7548.77681549],[763],[699.78236608]
China,Minnesota,45.76050107070898,0.09613550645106929,[30.53508865],[476],[430.23949893]
China,Mississippi,10.915320562895815,0.139940007216613,[122.53054039],[78],[88.91532056]
China,Missouri,32.8956424368061,0.09087194043316602,[314.52757495],[362],[329.10435756]
China,Montana,26.388350522417376,1.055534020896695,[59.94686892],[25],[51.38835052]
China,Nebraska,12.616564389796125,0.12491647910689233,[110.32154922],[101],[113.61656439]
China,Nevada,17.30641744107527,0.025869084366330744,[1834.75035074],[669],[651.69358256]
China,New Hampshire,8.776700784451819,0.11548290505857657,[30.94065371],[76],[84.77670078]
China,New Jersey,253.55571401344196,0.1298953452937715,[3003.81164391],[1952],[2205.55571401]
China,New Mexico,12.588025637703652,0.1498574480679006,[212.85022631],[84],[96.58802564]
China,New York,2555.6162784620137,0.20031480470779225,[18567.57104126],[12758],[15313.61627846]
China,North Carolina,90.12553233716994,0.13214887439467735,[816.33563254],[682],[772.12553234]
China,North Dakota,3.1996232397781483,0.0864763037777878,[1.13449437],[37],[33.80037676]
China,Ohio,77.39559191755131,0.10278299059435765,[988.30570866],[753],[830.39559192]
China,Oklahoma,2.000337731408507,0.011496193858669582,[189.4174864],[174],[176.00033773]
China,Oregon,28.74127185772636,0.04806232752128154,[512.96603689],[598],[626.74127186]
China,Pennsylvania,327.47170792935935,0.21860594654830398,[2045.99982815],[1498],[1825.47170793]
China,Rhode Island,8.849124462278056,0.09314867855029532,[46.55659887],[95],[103.84912446]
China,South Carolina,104.4982278725343,0.7572335353082196,[215.35503111],[138],[242.49822787]
China,South Dakota,7.078106447187114,0.27223486335335056,[0.00312178],[26],[18.92189355]
China,Tennessee,2.732266855826481,0.00833008187751976,[312.46631236],[328],[325.26773314]
China,Texas,42.821975415671204,0.014026195681516935,[16627.24938936],[3053],[3095.82197542]
China,Utah,12.605093030228346,0.05386791893259977,[254.90183246],[234],[246.60509303]
China,Vermont,36.29370445753768,1.634523138708616e+17,[1981.97055248],[0],[36.29370446]
China,Virginia,116.97860839907798,0.11302281004741835,[515.40136004],[1035],[918.0213916]
China,Washington,345.1219429038938,0.1458056370527646,[89645.55935249],[2367],[2712.1219429]
China,West Virginia,6.0239938278397105,0.11155544125629094,[3.72321382],[54],[47.97600617]
China,Wisconsin,50.7616887957339,0.12851060454616178,[184.39812773],[395],[344.2383112]
China,Wyoming,31.11030627052982,1.637384540554201,[60.34604468],[19],[50.11030627]
India,Alabama,21.46019943569854,0.06330442311415499,[337.91902646],[339],[317.53980056]
India,Alaska,8.99294649359664,0.7494122077997201,[20.72184294],[12],[20.99294649]
India,Arizona,168.9591958180239,0.2533121376582067,[2231906.86932853],[667],[835.95919582]
India,Arkansas,95.60137049616071,0.5901319166429674,[27257.72637324],[162],[257.6013705]
India,California,2916.4441152495456,0.24820800980847196,[20928.32781313],[11750],[14666.44411525]
India,Colorado,161.23818583060165,0.4417484543304155,[516.0203729],[365],[526.23818583]
India,Connecticut,375.841420675966,0.6003856560318945,[1376.65407507],[626],[1001.84142068]
India,Delaware,73.56877818249319,0.3892527946163661,[167.61840769],[189],[262.56877818]
India,District of Columbia,10.118645174533938,0.23531732964032415,[17.68854742],[43],[53.11864517]
India,Florida,60.78733674118939,0.028273179879622974,[12806161.09012611],[2150],[2210.78733674]
India,Georgia,392.2777725505289,0.15431855725827257,[19025.07253437],[2542],[2934.27777255]
India,Hawaii,4.9715088247643635,0.3107193015477727,[17.8267236],[16],[20.97150882]
India,Idaho,7.579566459465745,0.16477318390142925,[12770410.84352749],[46],[38.42043354]
India,Illinois,864.2826154736031,0.24061320029888728,[3713.74097897],[3592],[4456.28261547]
India,Indiana,129.43474437560678,0.18490677767943825,[4099.97806057],[700],[829.43474438]
India,Iowa,134.25672240335177,0.7417498475323302,[11949.28323375],[181],[315.2567224]
India,Kansas,112.61611611606764,0.5958524662225801,[3560.14461895],[189],[301.61611612]
India,Kentucky,91.6374375920442,0.37403035751854774,[3034.31116222],[245],[336.63743759]
India,Louisiana,18.078057622899706,0.11893458962434017,[167.77450567],[152],[170.07805762]
India,Maine,17.79233332698071,0.6135287354131279,[37.29261646],[29],[46.79233333]
India,Maryland,416.2932485264696,0.3674256385935301,[2167.55156721],[1133],[1549.29324853]
India,Massachusetts,812.5394568120187,0.648993176367427,[515839.76184147],[1252],[2064.53945681]
India,Michigan,323.7278292096928,0.25795046152166756,[3278.5091434],[1255],[1578.72782921]
India,Minnesota,102.43162761605959,0.1588087249861389,[1329.71981781],[645],[542.56837238]
India,Mississippi,2.1680733451061087,0.01298247512039586,[68.76288636],[167],[164.83192665]
India,Missouri,107.59545275356379,0.31007335087482363,[58631.19201203],[347],[454.59545275]
India,Montana,5.664366351515472,0.4045975965368194,[6.29859923],[14],[8.33563365]
India,Nebraska,68.7146434881395,0.6246785771649046,[1152.99593383],[110],[178.71464349]
India,Nevada,36.170331989568325,0.19657789124765393,[949.64011617],[184],[220.17033199]
India,New Hampshire,73.48712282269776,0.6023534657598176,[218.31711271],[122],[195.48712282]
India,New Jersey,1350.4980016779218,0.23216400235137044,[205438.83566519],[5817],[7167.49800168]
India,New Mexico,24.17409566753699,0.37772024480526545,[185.08390053],[64],[88.17409567]
India,New York,496.8325371544124,0.13033382401742194,[2590.08287235],[3812],[4308.83253715]
India,North Carolina,734.2254836698089,0.5925952249151,[18212.28736155],[1239],[1973.22548367]
India,North Dakota,8.9774123917135,0.27204279974889395,[46.25316663],[33],[41.97741239]
India,Ohio,260.0812779693572,0.1997552058136384,[49052.41119496],[1302],[1562.08127797]
India,Oklahoma,40.130313709143195,0.20267835206637977,[400.0014433],[198],[238.13031371]
India,Oregon,62.829147088156674,0.11592093558700493,[8219.20342525],[542],[479.17085291]
India,Pennsylvania,516.3079706511285,0.24492787981552583,[1652.91289203],[2108],[2624.30797065]
India,Rhode Island,31.14986382042879,0.44499805457755415,[1564.58553728],[70],[101.14986382]
India,South Carolina,97.28157667130898,0.2895285019979434,[2397.98332972],[336],[433.28157667]
India,South Dakota,26.65850394385422,1.568147290814954,[2589.84322602],[17],[43.65850394]
India,Tennessee,89.63191625552736,0.14364089143514,[505850.57429856],[624],[713.63191626]
India,Texas,2396.2010217901416,0.49284266182438125,[28294.62139058],[4862],[7258.20102179]
India,Utah,9.765939520035232,0.06781902444468911,[2.02467532e+11],[144],[153.76593952]
India,Vermont,15.749564434432223,0.7499792587824868,[120.62904081],[21],[36.74956443]
India,Virginia,1256.4572152747355,0.8158813086199581,[5518.70866821],[1540],[2796.45721527]
India,Washington,664.6407842370056,0.3385841998150818,[1820.28813383],[1963],[1298.35921576]
India,West Virginia,25.3891367906267,0.35262689986981527,[49.37339205],[72],[46.61086321]
India,Wisconsin,127.64759840442616,0.2862053775883995,[16298.44679349],[446],[573.6475984]
India,Wyoming,6.332667537295283,0.9046667910421833,[5.11198841],[7],[13.33266754]
Dominican Republic,Alabama,3.9289192668277053,0.0818524847255772,[647.6724587],[48],[44.07108073]
Dominican Republic,Alaska,12.640379287559952,0.14871034455952886,[97.23918326],[85],[72.35962071]
Dominican Republic,Arizona,9.384441110114068,0.1054431585406075,[511.94377747],[89],[79.61555889]
Dominican Republic,Arkansas,10.86488499492133,0.8357603842247177,[5.85947828],[13],[23.86488499]
Dominican Republic,California,18.204536891799222,0.09012146976138229,[3.84621737],[202],[220.20453689]
Dominican Republic,Colorado,15.018718271906465,0.42910623634018474,[931.57366872],[35],[50.01871827]
Dominican Republic,Connecticut,147.73976595561453,0.1526237251607588,[69.71989919],[968],[820.26023404]
Dominican Republic,Delaware,0.6309474209511095,0.01106925299914227,[21.92346444],[57],[57.63094742]
Dominican Republic,District of Columbia,6.708837336457066,0.09584053337795809,[241.79703524],[70],[76.70883734]
Dominican Republic,Florida,569.0144207440089,0.13322744573730014,[4091.31453847],[4271],[3701.98557926]
Dominican Republic,Georgia,27.329812739597855,0.06239683273880789,[524.68078263],[438],[410.67018726]
Dominican Republic,Hawaii,4.440722540197807,1.999923637729061e+16,[4.50988973],[0],[4.44072254]
Dominican Republic,Idaho,6.9943786917634485,0.7771531879737165,[10.68043869],[9],[2.00562131]
Dominican Republic,Illinois,39.54103916372685,0.20277455981398385,[315.37189665],[195],[155.45896084]
Dominican Republic,Indiana,2.2927260450957334,0.020289611018546313,[2131.08172286],[113],[110.70727395]
Dominican Republic,Iowa,7.523565252145023,0.3009426100858009,[15.3432946],[25],[17.47643475]
Dominican Republic,Kansas,5.514324266085868,0.3676216177390579,[0.85787463],[15],[20.51432427]
Dominican Republic,Kentucky,7.840662915646799,0.26135543052155996,[13.87183422],[30],[22.15933708]
Dominican Republic,Louisiana,36.11715103168211,0.16342602276779236,[0.04562501],[221],[257.11715103]
Dominican Republic,Maine,1.2270782045669444,0.13634202272966048,[0.08666293],[9],[7.7729218]
Dominican Republic,Maryland,182.4154374256255,0.39483860914637553,[2.61941421],[462],[279.58456257]
Dominican Republic,Massachusetts,1164.7619766353773,0.25365025623592713,[1.52610374],[4592],[3427.23802336]
Dominican Republic,Michigan,20.401667520550546,0.16191799619484562,[133.14781941],[126],[146.40166752]
Dominican Republic,Minnesota,19.604415746518747,0.2613922099535833,[114.61012655],[75],[55.39558425]
Dominican Republic,Mississippi,6.788753305575042,0.15086118456833428,[2.54157701],[45],[38.21124669]
Dominican Republic,Missouri,10.617375652985316,0.22590160963798545,[154.09317648],[47],[57.61737565]
Dominican Republic,Montana,2.358585231978422,0.4717170463956844,[2.21418446],[5],[2.64141477]
Dominican Republic,Nebraska,2.2860722787346326,0.16329087705247375,[45.91905643],[14],[16.28607228]
Dominican Republic,Nevada,17.225786848505862,0.25710129624635614,[13.04051587],[67],[49.77421315]
Dominican Republic,New Hampshire,63.50650083319519,0.27024042907742635,[74.17111004],[235],[171.49349917]
Dominican Republic,New Jersey,1502.8916540685068,0.19434781508709514,[9.25734445],[7733],[6230.10834593]
Dominican Republic,New Mexico,7.87629834784296,0.43757213043572,[21.05914548],[18],[10.12370165]
Dominican Republic,New York,2766.7025035096303,0.13259381306956916,[35.65313688],[20866],[18099.29749649]
Dominican Republic,North Carolina,50.861223385346705,0.10233646556407788,[341.7886428],[497],[446.13877661]
Dominican Republic,North Dakota,7.1600393821033865,1.7900098455258466,[2.85100273],[4],[11.16003938]
Dominican Republic,Ohio,36.383287350466844,0.12250265101167288,[202.42402847],[297],[260.61671265]
Dominican Republic,Oklahoma,10.164794102508523,0.5647107834726958,[4.0565921],[18],[28.1647941]
Dominican Republic,Oregon,4.832397829457012,0.2684665460809451,[3.85151553],[18],[22.83239783]
Dominican Republic,Pennsylvania,503.9806494425957,0.1422468669044865,[0.08782923],[3543],[3039.01935056]
Dominican Republic,Rhode Island,67.20052802564692,0.06032363377526653,[697.93873108],[1114],[1181.20052803]
Dominican Republic,South Carolina,37.61664285175243,0.4949558269967425,[4.57436098],[76],[113.61664285]
Dominican Republic,South Dakota,3.081217599082486,0.4401739427260694,[4.87074408],[7],[3.9187824]
Dominican Republic,Tennessee,17.712148462522947,0.19901290407329153,[2.6577056],[89],[71.28785154]
Dominican Republic,Texas,49.217806563833335,0.11160500354610733,[3.95690597],[441],[391.78219344]
Dominican Republic,Utah,1.9349272153738113,0.03224878692289686,[248.38963144],[60],[61.93492722]
Dominican Republic,Vermont,4.6793089643978405,0.467930896439784,[9.38733455],[10],[5.32069104]
Dominican Republic,Virginia,19.473309480888986,0.080802114028585,[2007.79710085],[241],[260.47330948]
Dominican Republic,Washington,10.907333840841773,0.19831516074257768,[8.5402154],[55],[44.09266616]
Dominican Republic,West Virginia,0.7043285118854268,0.0782587235428252,[9.33492068],[9],[8.29567149]
Dominican Republic,Wisconsin,5.923202398737999,0.06301279147593616,[77.68022268],[94],[88.0767976]
Dominican Republic,Wyoming,5.037063773307268,2.2684918532508036e+16,[3.71740336],[0],[5.03706377]
Mexico,Alabama,0.43641200092196186,0.0008607731773608715,[394.77703132],[507],[506.563588]
Mexico,Alaska,5.6991018678699845,0.07401430997233746,[6.11360525],[77],[71.30089813]
Mexico,Arizona,195.8483658948462,0.02298689740549838,[7485.07191657],[8520],[8324.15163411]
Mexico,Arkansas,18.52437131221575,0.02079054019328367,[1.72664631e-05],[891],[872.47562869]
Mexico,California,3401.0332818879033,0.07126313843662448,[2778.08126542],[47725],[51126.03328189]
Mexico,Colorado,369.64663281606454,0.08711916870517665,[2005.45009017],[4243],[3873.35336718]
Mexico,Connecticut,72.41890917072783,0.27960968791786805,[137.89773993],[259],[331.41890917]
Mexico,Delaware,36.49642652648805,0.1771671190606216,[230.15188857],[206],[169.50357347]
Mexico,District of Columbia,4.018324417707063,0.04367743932290286,[31.90316144],[92],[87.98167558]
Mexico,Florida,244.08439903242197,0.061005848296031485,[1726.03490718],[4001],[3756.91560097]
Mexico,Georgia,338.59909888828724,0.10101405098099261,[2773.02512813],[3352],[3013.40090111]
Mexico,Hawaii,25.873046043223354,0.34043481635820205,[104.73724743],[76],[101.87304604]
Mexico,Idaho,32.91024253283342,0.04471500344134976,[637.80814194],[736],[703.08975747]
Mexico,Illinois,960.6236311496268,0.1063224826950334,[6497.60901807],[9035],[8074.37636885]
Mexico,Indiana,142.9933444435726,0.09195713469040039,[0.00017429],[1555],[1697.99334444]
Mexico,Iowa,40.65841418974833,0.05370992627443637,[56.52280118],[757],[797.65841419]
Mexico,Kansas,87.76342171444503,0.05808300576733622,[79.73072299],[1511],[1598.76342171]
Mexico,Kentucky,26.04870397081669,0.05737599993571958,[0.04364617],[454],[480.04870397]
Mexico,Louisiana,121.4837609498922,0.23272751139826092,[7.15128958e-05],[522],[400.51623905]
Mexico,Maine,7.148174853316657,0.7148174853316658,[17.02265578],[10],[17.14817485]
Mexico,Maryland,18.082766089350116,0.03872112652965764,[0.03991159],[467],[485.08276609]
Mexico,Massachusetts,20.744337756170523,0.0813503441418452,[579.61379478],[255],[275.74433776]
Mexico,Michigan,21.939421158721416,0.014924776298449943,[1514.2762399],[1470],[1448.06057884]
Mexico,Minnesota,239.00075761405628,0.1466262316650652,[4.32712239],[1630],[1390.99924239]
Mexico,Mississippi,31.57075570741577,0.11038725771823696,[4.88781509],[286],[254.42924429]
Mexico,Missouri,78.23928912245412,0.11505777812125606,[70.29938776],[680],[758.23928912]
Mexico,Montana,1.723203182111412,0.03191117003910022,[2.73546377],[54],[52.27679682]
Mexico,Nebraska,24.280542709589326,0.029610417938523568,[294.76886976],[820],[844.28054271]
Mexico,Nevada,315.73919049514143,0.10591720580179183,[0.00089283],[2981],[2665.2608095]
Mexico,New Hampshire,5.582816597626987,0.07753911941148593,[67.84867355],[72],[66.4171834]
Mexico,New Jersey,0.5567498722234632,0.0005029357472660011,[946.73284679],[1107],[1107.55674987]
Mexico,New Mexico,511.27526450274604,0.22602796839201858,[1406.63866556],[2262],[1750.7247355]
Mexico,New York,164.79236044519712,0.06539379382745918,[2608.12541979],[2520],[2684.79236045]
Mexico,North Carolina,127.44207157637129,0.044435868750478134,[6117.57226018],[2868],[2740.55792842]
Mexico,North Dakota,20.831782534530014,0.2853668840346577,[3759.6473226],[73],[52.16821747]
Mexico,Ohio,146.3819179678436,0.18839371681833153,[1468.66041861],[777],[630.61808203]
Mexico,Oklahoma,26.958717551178324,0.017505660747518394,[1463.87963315],[1540],[1513.04128245]
Mexico,Oregon,83.37975453005856,0.040514943892156735,[0.00052419],[2058],[2141.37975453]
Mexico,Pennsylvania,77.80203661514895,0.08712434111438852,[310.41657779],[893],[815.19796338]
Mexico,Rhode Island,28.922410071734177,0.3286637508151611,[55.03356598],[88],[59.07758993]
Mexico,South Carolina,4.526695425685034,0.006756261829380648,[1100.30428508],[670],[674.52669543]
Mexico,South Dakota,5.633469514040911,0.07612796640595826,[181.37208001],[74],[68.36653049]
Mexico,Tennessee,201.4711270091584,0.1566649510180081,[579.96206472],[1286],[1084.52887299]
Mexico,Texas,6230.40920932022,0.16084286475940263,[367.4957348],[38736],[32505.59079068]
Mexico,Utah,68.32904215995768,0.03359343272367634,[9.79729718e-05],[2034],[1965.67095784]
Mexico,Vermont,0.5705957019422812,0.07132446274278514,[10.88153729],[8],[8.5705957]
Mexico,Virginia,77.39220502245485,0.09722638821916438,[0.00586478],[796],[873.39220502]
Mexico,Washington,116.36969467470271,0.03563064748153788,[0.01872183],[3266],[3149.63030533]
Mexico,West Virginia,15.118735725259725,0.3436076301195392,[66.9310116],[44],[28.88126427]
Mexico,Wisconsin,84.80694294000932,0.05980743507758062,[87.11274863],[1418],[1502.80694294]
Mexico,Wyoming,11.752884466023616,0.10400782713295235,[22.33007227],[113],[124.75288447]
United Kingdom,Alabama,21.2903683484055,0.3275441284370077,[1619.29501041],[65],[43.70963165]
United Kingdom,Alaska,6.79028075758152,0.3573831977674484,[24.57229501],[19],[12.20971924]
United Kingdom,Arizona,31.860839410325895,0.18741670241368175,[2.79163679],[170],[138.13916059]
United Kingdom,Arkansas,3.2470565352960747,0.08325785987938653,[358.41333172],[39],[42.24705654]
United Kingdom,California,283.62245975575047,0.1319788086345977,[1180.48531872],[2149],[1865.37754024]
United Kingdom,Colorado,41.18211897539052,0.18804620536708003,[7140.16784671],[219],[177.81788102]
United Kingdom,Connecticut,26.459482336274192,0.1511970419215668,[94.10186922],[175],[148.54051766]
United Kingdom,Delaware,1.8156251732306359,0.07894022492307112,[2840.27702934],[23],[21.18437483]
United Kingdom,District of Columbia,4.651148533849998,0.08944516411249996,[56.18253091],[52],[56.65114853]
United Kingdom,Florida,366.31237398479027,0.33483763618353773,[10603.39233936],[1094],[727.68762602]
United Kingdom,Georgia,71.9918685886355,0.18895503566570998,[8093.24217814],[381],[309.00813141]
United Kingdom,Hawaii,17.166888422349498,0.3901565550533977,[3073.82881961],[44],[26.83311158]
United Kingdom,Idaho,2.710597083182222,0.104253733968547,[260.75983465],[26],[28.71059708]
United Kingdom,Illinois,85.77945107891492,0.2057061176952396,[5648.92819632],[417],[331.22054892]
United Kingdom,Indiana,19.830586179622486,0.21791852944640094,[199.94179807],[91],[110.83058618]
United Kingdom,Iowa,3.1243581279227897,0.0844421115654808,[377.41927038],[37],[33.87564187]
United Kingdom,Kansas,5.989847082353556,0.14974617705883891,[54.9430647],[40],[45.98984708]
United Kingdom,Kentucky,1.0769440450226924,0.018568000776253316,[797.48761562],[58],[59.07694405]
United Kingdom,Louisiana,26.70683717043935,0.3927476054476375,[0.13722003],[68],[41.29316283]
United Kingdom,Maine,18.989823266063667,0.9494911633031833,[2559.98511019],[20],[38.98982327]
United Kingdom,Maryland,52.274210085598384,0.24892480993142088,[8.36331971],[210],[157.72578991]
United Kingdom,Massachusetts,3.637390397350316,0.010132006677856034,[6584.04599687],[359],[362.6373904]
United Kingdom,Michigan,5.587061437195416,0.02987733388874554,[4734.46603933],[187],[181.41293856]
United Kingdom,Minnesota,22.429513916859307,0.20390467197144824,[75.8499125],[110],[87.57048608]
United Kingdom,Mississippi,13.798682914484475,0.5307185736340183,[0.80113051],[26],[12.20131709]
United Kingdom,Missouri,15.971727027460034,0.1835830692811498,[24.03243579],[87],[71.02827297]
United Kingdom,Montana,5.051861650524046,0.22963007502382027,[1679.34883567],[22],[16.94813835]
United Kingdom,Nebraska,2.820873308425746,0.11283493233702985,[28.04300191],[25],[27.82087331]
United Kingdom,Nevada,23.49422561133072,0.22164363784274263,[113.56688761],[106],[82.50577439]
United Kingdom,New Hampshire,13.969246860977762,0.46564156203259205,[40.84276326],[30],[43.96924686]
United Kingdom,New Jersey,136.3597307868913,0.2663275991931471,[1.612533],[512],[375.64026921]
United Kingdom,New Mexico,5.138911578401952,0.2055564631360781,[259.37865764],[25],[30.13891158]
United Kingdom,New York,242.4703546246344,0.18382892693300562,[6320.76516966],[1319],[1076.52964538]
United Kingdom,North Carolina,49.743209077409205,0.18630415384797455,[96394.66742785],[267],[217.25679092]
United Kingdom,North Dakota,1.705319081025177,0.15502900736592518,[8.94021764],[11],[9.29468092]
United Kingdom,Ohio,40.34856340537581,0.19778707551654812,[27223.21694472],[204],[163.65143659]
United Kingdom,Oklahoma,26.8981764218749,0.7911228359374971,[558.30000862],[34],[60.89817642]
United Kingdom,Oregon,7.48565983456993,0.05802837081061961,[125.71404221],[129],[136.48565983]
United Kingdom,Pennsylvania,58.0203306881661,0.18899130517317947,[916.89213739],[307],[248.97966931]
United Kingdom,Rhode Island,3.0296842622274767,0.07768421185198658,[860.98483298],[39],[35.97031574]
United Kingdom,South Carolina,23.29459226464496,0.19575287617348708,[178.0854311],[119],[95.70540774]
United Kingdom,South Dakota,0.16165025442652414,0.023092893489503448,[4.82189343],[7],[6.83834975]
United Kingdom,Tennessee,30.475307417933507,0.22742766729801125,[923.11033256],[134],[103.52469258]
United Kingdom,Texas,258.92332551893594,0.26180316028203837,[215340.65800828],[989],[730.07667448]
United Kingdom,Utah,27.371624322818803,0.28812236129282953,[44.4921966],[95],[67.62837568]
United Kingdom,Vermont,1.9373862126854284,0.08806300966751947,[3.91321616],[22],[20.06261379]
United Kingdom,Virginia,6.315877952188288,0.026206962457212813,[41.63576138],[241],[234.68412205]
United Kingdom,Washington,78.41493941962739,0.20581348929036059,[616.03208305],[381],[302.58506058]
United Kingdom,West Virginia,0.5493915664961797,0.03662610443307865,[4.99389571],[15],[15.54939157]
United Kingdom,Wisconsin,29.819889528693096,0.2895134905698359,[1030.73667153],[103],[73.18011047]
United Kingdom,Wyoming,4.165920009795217,0.37872000089047425,[10.71121763],[11],[6.83407999]
Pakistan,Alabama,5.197857287522027,0.11813312017095515,[26.61443213],[44],[49.19785729]
Pakistan,Alaska,1.852604603878815,8343389403693497.0,[2.01199556],[0],[1.8526046]
Pakistan,Arizona,3.359883390256627,0.05014751328741234,[36.82176958],[67],[63.64011661]
Pakistan,Arkansas,16.1761891004748,0.5777210393026715,[53.72843625],[28],[44.1761891]
Pakistan,California,97.00523979080003,0.05686121910363425,[9379.64476236],[1706],[1803.00523979]
Pakistan,Colorado,5.13878051747399,0.08564634195789983,[64.83206252],[60],[65.13878052]
Pakistan,Connecticut,19.20934714205464,0.07474454140877292,[862.06498845],[257],[237.79065286]
Pakistan,Delaware,7.286456931029683,0.18216142327574208,[100.99970733],[40],[47.28645693]
Pakistan,District of Columbia,5.2839065550842825,0.4403255462570235,[15.45446046],[12],[17.28390656]
Pakistan,Florida,16.761898076846705,0.04630358584764283,[1136.53954432],[362],[378.76189808]
Pakistan,Georgia,83.26487315237733,0.1779163956247379,[4471.96330118],[468],[384.73512685]
Pakistan,Hawaii,1.9705434283686314,0.6568478094562105,[5.67645833],[3],[4.97054343]
Pakistan,Idaho,1.6269896882980204,0.18077663203311337,[7.45856247],[9],[7.37301031]
Pakistan,Illinois,64.0556298031895,0.06909992427528533,[1648.74857741],[927],[991.0556298]
Pakistan,Indiana,13.517117980311156,0.16091807119418042,[81.01521897],[84],[97.51711798]
Pakistan,Iowa,39.98077143946024,1.110576984429451,[72.24439614],[36],[75.98077144]
Pakistan,Kansas,12.351384274861445,0.2093454961840923,[23.50320852],[59],[46.64861573]
Pakistan,Kentucky,25.131353509268322,0.42595514422488684,[86.18115333],[59],[33.86864649]
Pakistan,Louisiana,16.00527618196655,0.2462350181841008,[48452.43336756],[65],[81.00527618]
Pakistan,Maine,11.983282935304583,0.7048989961943872,[3.0720399],[17],[5.01671706]
Pakistan,Maryland,25.015225234086415,0.044590419312097,[584.51586635],[561],[535.98477477]
Pakistan,Massachusetts,61.13375292490525,0.26014362946768194,[271.92732057],[235],[296.13375292]
Pakistan,Michigan,21.48606201809463,0.06953418128833214,[614.77383855],[309],[287.51393798]
Pakistan,Minnesota,12.295159630722296,0.11822268875694515,[23.52485149],[104],[116.29515963]
Pakistan,Mississippi,0.259323194859693,0.016207699678730814,[7.3944803],[16],[16.25932319]
Pakistan,Missouri,12.431569244212099,0.13225073664055426,[120.81995949],[94],[106.43156924]
Pakistan,Montana,4.752885327092708,0.6789836181561011,[3.65721076],[7],[2.24711467]
Pakistan,Nebraska,11.520920125562519,1.9201533542604199,[14.70198931],[6],[17.52092013]
Pakistan,Nevada,10.677069756927423,0.15252956795610606,[556.4283944],[70],[59.32293024]
Pakistan,New Hampshire,8.3325931665863,0.34719138194109583,[39.23653915],[24],[32.33259317]
Pakistan,New Jersey,118.62984701887797,0.12448042709221192,[368.23379805],[953],[834.37015298]
Pakistan,New Mexico,15.469260002185724,0.5949715385456048,[10.39116701],[26],[10.53074]
Pakistan,New York,156.17714573682588,0.06442951556799748,[2668.4908307],[2424],[2580.17714574]
Pakistan,North Carolina,1.051511421678839,0.004123574202662114,[213.99265672],[255],[253.94848858]
Pakistan,North Dakota,5.039823859969519,0.41998532166412655,[40.67512739],[12],[6.96017614]
Pakistan,Ohio,4.391476293745626,0.02275376318002915,[159.93986494],[193],[188.60852371]
Pakistan,Oklahoma,8.694052052240664,0.09248991544936877,[122.3021169],[94],[102.69405205]
Pakistan,Oregon,8.631541737944957,0.19181203862099905,[37.64823532],[45],[36.36845826]
Pakistan,Pennsylvania,127.86517140689546,0.2714759477853407,[191.30661019],[471],[343.13482859]
Pakistan,Rhode Island,29.63244787218615,0.5022448791895958,[24.61315631],[59],[29.36755213]
Pakistan,South Carolina,1.8862928463664552,0.07859553526526897,[20.5768469],[24],[25.88629285]
Pakistan,South Dakota,1.2433890649908204,0.15542363312385254,[3.10649254],[8],[9.24338906]
Pakistan,Tennessee,8.545328234870922,0.12754221246076003,[1260.65980212],[67],[75.54532823]
Pakistan,Texas,242.41831367985674,0.11571279889253305,[1263.7788981],[2095],[1852.58168632]
Pakistan,Utah,33.65218744728721,0.46739149232343347,[15.34585979],[72],[38.34781255]
Pakistan,Vermont,1.2767729006374766,5750073959547687.0,[1.00341503],[0],[1.2767729]
Pakistan,Virginia,99.31211013868165,0.10531506907601447,[729.15181593],[943],[1042.31211014]
Pakistan,Washington,68.66869456632296,0.24010033065147887,[219.14710779],[286],[217.33130543]
Pakistan,West Virginia,5.753555962261114,0.25015460705483106,[8.38157394],[23],[17.24644404]
Pakistan,Wisconsin,23.468632432402345,0.18625898755874876,[4802.43622236],[126],[102.53136757]
Pakistan,Wyoming,1.4340679339629958,6458467813019725.0,[1.44247485],[0],[1.43406793]
Philippines,Alabama,23.218832101031808,0.0988035408554545,[239.02893107],[235],[258.2188321]
Philippines,Alaska,139.50274014428322,0.271406109230123,[1816981.00386639],[514],[374.49725986]
Philippines,Arizona,307.5715784153401,0.33577683233115735,[247819.11280132],[916],[608.42842158]
Philippines,Arkansas,14.51232740523713,0.08062404114020628,[198.07244381],[180],[194.51232741]
Philippines,California,2797.5713497041233,0.1873290042657107,[14.6712878],[14934],[12136.4286503]
Philippines,Colorado,48.37628940017851,0.125003331783407,[20.68935403],[387],[338.6237106]
Philippines,Connecticut,6.90674184930009,0.03304661171913919,[34036.03913578],[209],[202.09325815]
Philippines,Delaware,34.16885051389054,0.3714005490640276,[21.63791309],[92],[57.83114949]
Philippines,District of Columbia,15.08350434916224,0.307826619370658,[62.14786229],[49],[64.08350435]
Philippines,Florida,477.33518095130603,0.20798918559969762,[5755.79314094],[2295],[2772.33518095]
Philippines,Georgia,14.82025014297983,0.02319287972297313,[1172.17178198],[639],[653.82025014]
Philippines,Hawaii,821.47307589961,0.3237970342529011,[1421136.82293985],[2537],[1715.5269241]
Philippines,Idaho,0.3079420821918717,0.0031746606411533164,[572.06151573],[97],[96.69205792]
Philippines,Illinois,295.9400452825896,0.17408237957799388,[76176.99957642],[1700],[1404.05995472]
Philippines,Indiana,30.769567715275286,0.08918715279789938,[10227.65247212],[345],[314.23043228]
Philippines,Iowa,22.99540615403481,0.14646755512124082,[184.76967421],[157],[179.99540615]
Philippines,Kansas,65.40111830750135,0.3371191665335121,[106.01220279],[194],[259.40111831]
Philippines,Kentucky,17.236892402735947,0.0883943200140305,[130.98642229],[195],[212.2368924]
Philippines,Louisiana,103.81487568014518,0.47840956534629114,[211.98089959],[217],[320.81487568]
Philippines,Maine,3.0994133088427986,0.04245771655949039,[0.20536749],[73],[76.09941331]
Philippines,Maryland,44.07626350157557,0.05179349412641077,[6799.58101777],[851],[806.9237365]
Philippines,Massachusetts,78.88619478546607,0.25864326159169204,[2603.45686142],[305],[226.11380521]
Philippines,Michigan,54.60326401459412,0.11352029940664057,[3953.67666014],[481],[426.39673599]
Philippines,Minnesota,108.05954473178281,0.24558987439041546,[3973.78681489],[440],[331.94045527]
Philippines,Mississippi,20.317557041857583,0.13366813843327358,[131.15550374],[152],[172.31755704]
Philippines,Missouri,1.1514286888649963,0.003171979859132221,[346.21223917],[363],[364.15142869]
Philippines,Montana,10.444597843175302,0.14920854061679004,[70.39669029],[70],[80.44459784]
Philippines,Nebraska,12.94180834667219,0.12444046487184798,[4.53086039],[104],[116.94180835]
Philippines,Nevada,448.99530815175854,0.2706421387292095,[221568.99366274],[1659],[1210.00469185]
Philippines,New Hampshire,4.557924925436694,0.06702830772701021,[88.35751237],[68],[72.55792493]
Philippines,New Jersey,344.18829850428597,0.22408092350539452,[31584.35510852],[1536],[1191.8117015]
Philippines,New Mexico,106.80320977280019,0.4139659293519387,[315.10428038],[258],[151.19679023]
Philippines,New York,223.14274245251704,0.09961729573773082,[7029.70402009],[2240],[2016.85725755]
Philippines,North Carolina,62.248637444019096,0.08288766637019852,[2157.48939648],[751],[688.75136256]
Philippines,North Dakota,9.369976677345704,0.06374133794112724,[17.33649276],[147],[137.63002332]
Philippines,Ohio,232.95421713841415,0.17947166189400166,[2233.98901919],[1298],[1530.95421714]
Philippines,Oklahoma,20.222636919522643,0.1053262339558471,[145058.39439113],[192],[212.22263692]
Philippines,Oregon,46.28012129278051,0.12749344708754962,[10097.80982246],[363],[316.71987871]
Philippines,Pennsylvania,164.6372584970199,0.27577430234006683,[795.75208503],[597],[432.3627415]
Philippines,Rhode Island,15.662887946613935,0.2847797808475261,[3632.87450302],[55],[39.33711205]
Philippines,South Carolina,47.48551698157871,0.16838835809070465,[82243.8592551],[282],[234.51448302]
Philippines,South Dakota,16.56562697884374,0.35246014848603696,[39.07175517],[47],[63.56562698]
Philippines,Tennessee,66.38302914723477,0.09878426956433745,[571.53573689],[672],[605.61697085]
Philippines,Texas,558.8115697304579,0.2125567020655983,[197386.99379133],[2629],[2070.18843027]
Philippines,Utah,10.41034382946114,0.05153635559139179,[195.15060476],[202],[191.58965617]
Philippines,Vermont,3.7902126236654183,0.16479185320284429,[0.87550367],[23],[26.79021262]
Philippines,Virginia,168.631487007622,0.1654872296443788,[345489.26077939],[1019],[850.36851299]
Philippines,Washington,337.4942945810026,0.22620261030898295,[1116.10906419],[1492],[1154.50570542]
Philippines,West Virginia,34.96197502877334,0.4994567861253334,[172.94148437],[70],[104.96197503]
Philippines,Wisconsin,32.59965400381316,0.12936370636433792,[404.08140709],[252],[284.599654]
Philippines,Wyoming,30.422730514656806,0.9813784036986066,[36.10320684],[31],[61.42273051]
