Label (Grouping),US Asian,US Asian MOE,US Indian,US Indian MOE,US Chinese,US Chinese MOE,US Pakistani,US Pakistani MOE,US Hispanic/Latino,US Hispanic/Latino MOE,Alabama Asian ,Alabama Asian MOE,Alabama Indian,Alabama Indian MOE,Alabama Chinese,Alabama Chinese MOE,AlaskaAsian  ,AlaskaAsian MOE,ArizonaAsian  ,ArizonaAsian MOE,ArizonaIndian  ,ArizonaIndian MOE,ArizonaChinese  ,ArizonaChinese MOE,Arkansas Asian  ,Arkansas Asian MOE,Arkansas Indian  ,Arkansas Indian MOE,California Asian  ,California Asian MOE,California Indian  ,California Indian MOE,California Chinese  ,California Chinese MOE,California Pakistani  ,California Pakistani MOE,"California Asian, Hispanic or Latino  ","California Asian, Hispanic or Latino MOE",Colorado Asian  ,Colorado Asian MOE,Colorado Indian  ,Colorado Indian MOE,Colorado Chinese  ,Colorado Chinese MOE,Connecticut Asian  ,Connecticut Asian MOE,Connecticut Indian  ,Connecticut Indian MOE,Connecticut Chinese  ,Connecticut Chinese MOE,Connecticut Pakistani  ,Connecticut Pakistani MOE,Delaware Asian  ,Delaware Asian MOE,Delaware Indian  ,Delaware Indian MOE,Delaware Chinese  ,Delaware Chinese MOE,District of Columbia Asian  ,District of Columbia Asian MOE,District of Columbia Indian  ,District of Columbia Indian MOE,District of Columbia Chinese  ,District of Columbia Chinese MOE,Florida Asian  ,Florida Asian MOE,Florida Indian  ,Florida Indian MOE,Florida Chinese  ,Florida Chinese MOE,Florida Pakistani  ,Florida Pakistani MOE,"Florida Asian, Hispanic or Latino  ","Florida Asian, Hispanic or Latino MOE",Georgia Asian  ,Georgia Asian MOE,Georgia Indian  ,Georgia Indian MOE,Georgia Chinese  ,Georgia Chinese MOE,Georgia Pakistani  ,Georgia Pakistani MOE,Hawaii  Asian  ,Hawaii  Asian MOE,Hawaii  Chinese  ,Hawaii  Chinese MOE,"Hawaii  Asian, Hispanic or Latino  ","Hawaii  Asian, Hispanic or Latino MOE",Idaho   Asian  ,Idaho   Asian MOE,Illinois Asian  ,Illinois Asian MOE,Illinois Indian  ,Illinois Indian MOE,Illinois Chinese  ,Illinois Chinese MOE,Illinois Pakistani  ,Illinois Pakistani MOE,Indiana Asian  ,Indiana Asian MOE,Indiana Indian  ,Indiana Indian MOE,Indiana Chinese  ,Indiana Chinese MOE,Iowa Asian  ,Iowa Asian MOE,Iowa Indian  ,Iowa Indian MOE,Iowa Chinese  ,Iowa Chinese MOE,Kansas Asian  ,Kansas Asian MOE,Kansas Indian  ,Kansas Indian MOE,Kansas Chinese  ,Kansas Chinese MOE,Kentucy Asian  ,Kentucy Asian MOE,Kentucy Indian  ,Kentucy Indian MOE,Kentucy Chinese  ,Kentucy Chinese MOE,Louisiana Asian  ,Louisiana Asian MOE,Louisiana Indian  ,Louisiana Indian MOE,Louisiana Chinese  ,Louisiana Chinese MOE,Maine Asian  ,Maine Asian MOE,Maryland Asian  ,Maryland Asian MOE,Maryland Indian  ,Maryland Indian MOE,Maryland Chinese  ,Maryland Chinese MOE,Maryland Pakistani  ,Maryland Pakistani MOE,Massachusetts Asian  ,Massachusetts Asian MOE,Massachusetts Indian  ,Massachusetts Indian MOE,Massachusetts Chinese  ,Massachusetts Chinese MOE,Massachusetts Pakistani  ,Massachusetts Pakistani MOE,Michigan Asian  ,Michigan Asian MOE,Michigan Indian  ,Michigan Indian MOE,Michigan Chinese  ,Michigan Chinese MOE,Michigan Pakistani  ,Michigan Pakistani MOE,Minnesota Asian  ,Minnesota Asian MOE,Minnesota Indian  ,Minnesota Indian MOE,Minnesota Chinese  ,Minnesota Chinese MOE,Mississippi Asian  ,Mississippi Asian MOE,Missouri Asian  ,Missouri Asian MOE,Missouri Indian  ,Missouri Indian MOE,Missouri Chinese  ,Missouri Chinese MOE,Montana Asian  ,Montana Asian MOE,Nebraska Asian  ,Nebraska Asian MOE,Nebraska Indian  ,Nebraska Indian MOE,Nevada Asian  ,Nevada Asian MOE,Nevada Indian  ,Nevada Indian MOE,Nevada Chinese  ,Nevada Chinese MOE,New Hampshire Asian  ,New Hampshire Asian MOE,New Hampshire Indian  ,New Hampshire Indian MOE,New Hampshire Chinese  ,New Hampshire Chinese MOE,New Jersey Asian  ,New Jersey Asian MOE,New Jersey Indian  ,New Jersey Indian MOE,New Jersey Chinese  ,New Jersey Chinese MOE,New Jersey Pakistani  ,New Jersey Pakistani MOE,New Mexico Asian  ,New Mexico Asian MOE,New York Asian  ,New York Asian MOE,New York Indian  ,New York Indian MOE,New York Chinese  ,New York Chinese MOE,New York Pakistani  ,New York Pakistani MOE,"New York Asian, Hispanic or Latino  ","New York Asian, Hispanic or Latino MOE",North Carolina Asian  ,North Carolina Asian MOE,North Carolina Indian  ,North Carolina Indian MOE,North Carolina Chinese  ,North Carolina Chinese MOE,North Carolina Pakistani  ,North Carolina Pakistani MOE,North Dakota Asian  ,North Dakota Asian MOE,Ohio Asian  ,Ohio Asian MOE,Ohio Indian  ,Ohio Indian MOE,Ohio Chinese  ,Ohio Chinese MOE,Oklahoma Asian  ,Oklahoma Asian MOE,Oklahoma Indian  ,Oklahoma Indian MOE,Oklahoma Chinese  ,Oklahoma Chinese MOE,Oregon Asian  ,Oregon Asian MOE,Oregon Indian  ,Oregon Indian MOE,Oregon Chinese  ,Oregon Chinese MOE,Pennsylvania Asian  ,Pennsylvania Asian MOE,Pennsylvania Indian  ,Pennsylvania Indian MOE,Pennsylvania Chinese  ,Pennsylvania Chinese MOE,Pennsylvania Pakistani  ,Pennsylvania Pakistani MOE,Rhode Island Asian  ,Rhode Island Asian MOE,Rhode Island Indian  ,Rhode Island Indian MOE,Rhode Island Chinese  ,Rhode Island Chinese MOE,South Carolina Asian  ,South Carolina Asian MOE,South Carolina Indian  ,South Carolina Indian MOE,South Carolina Chinese  ,South Carolina Chinese MOE,South Dakota Asian  ,South Dakota Asian MOE,Tennessee Asian  ,Tennessee Asian MOE,Tennessee Indian  ,Tennessee Indian MOE,Tennessee Chinese  ,Tennessee Chinese MOE,Texas Asian  ,Texas Asian MOE,Texas Indian  ,Texas Indian MOE,Texas Chinese  ,Texas Chinese MOE,Texas Pakistani  ,Texas Pakistani MOE,"Texas Asian, Hispanic or Latino  ","Texas Asian, Hispanic or Latino MOE",Utah Asian  ,Utah Asian MOE,Utah Indian  ,Utah Indian MOE,Utah Chinese  ,Utah Chinese MOE,Vermont Asian  ,Vermont Asian MOE,Virginia Asian  ,Virginia Asian MOE,Virginia Indian  ,Virginia Indian MOE,Virginia Chinese  ,Virginia Chinese MOE,Virginia Pakistani  ,Virginia Pakistani MOE,Washington Asian  ,Washington Asian MOE,Washington Indian  ,Washington Indian MOE,Washington Chinese  ,Washington Chinese MOE,Washington Pakistani  ,Washington Pakistani MOE,West Virginia Asian  ,West Virginia Asian MOE,Wisconsin Asian  ,Wisconsin Asian MOE,Wisconsin Indian  ,Wisconsin Indian MOE,Wisconsin Chinese  ,Wisconsin Chinese MOE
Total:,"12,555,171","±20,857","3,033,366","±21,196","3,060,551","±20,111","342,697","±9,268","58,305","±2,614","51,622","±1,279","10,104","±1,258","10,900","±1,055","32,996",±987,"160,977","±2,633","46,791","±2,296","30,884","±2,070","31,118",±883,"9,275",±816,"3,756,321","±11,567","571,789","±9,954","1,088,378","±12,055","42,973","±2,435","17,771","±1,443","121,310","±1,933","21,767","±1,508","24,879","±1,355","117,312","±1,645","46,211","±2,087","27,797","±1,719","4,785",±951,"28,992",±815,"11,953",±906,"7,318",±947,"17,286",±744,"3,633",±484,"4,857",±712,"426,095","±3,839","124,601","±3,974","77,710","±2,957","10,437","±1,327","4,708",±785,"319,844","±3,542","113,377","±3,570","46,117","±2,360","8,861","±1,377","216,468","±4,057","29,136","±1,813","2,110",±374,"15,933","±1,027","496,649","±3,691","172,754","±4,703","93,503","±3,246","25,988","±2,308","119,494","±2,001","33,834","±2,239","24,642","±1,512","57,566","±1,281","11,207","±1,234","10,008",±929,"59,444","±1,241","14,179","±1,016","10,801",±876,"51,430","±1,357","12,981","±1,040","8,954",±893,"52,284","±1,362","8,472","±1,040","8,599",±908,"10,701",±636,"276,182","±2,715","71,838","±2,800","60,233","±2,078","15,186","±1,975","335,447","±2,840","87,998","±2,870","126,061","±3,275","7,288","±1,214","232,209","±2,117","86,783","±2,679","43,025","±1,848","9,080","±1,127","169,202","±2,534","34,054","±1,964","23,456","±1,443","18,949",±830,"88,181","±1,867","24,046","±1,311","21,891","±1,350","5,981",±443,"35,696","±1,073","6,485",±660,"176,259","±2,412","11,860","±1,492","29,802","±1,913","26,463",±780,"8,154",±769,"5,861",±750,"635,960","±3,378","294,745","±5,715","109,689","±3,416","23,856","±1,718","22,718","±1,008","1,213,216","±6,491","265,458","±6,000","511,280","±6,636","54,991","±4,165","6,277","±1,048","219,977","±2,318","80,437","±2,799","35,579","±1,814","5,071",±898,"9,622",±534,"202,594","±2,841","73,364","±3,137","44,324","±2,001","60,516","±1,278","11,852","±1,218","9,180",±958,"123,770","±2,456","20,524","±1,904","30,237","±1,629","323,515","±2,874","107,469","±2,753","80,860","±2,430","8,980","±1,258","25,357","±1,023","7,031",±936,"5,979",±787,"59,186","±1,751","16,897","±1,421","11,170",±955,"9,733",±630,"88,279","±2,042","24,845","±1,777","16,111","±1,169","1,010,473","±5,611","323,449","±6,476","158,098","±4,791","56,882","±3,804","4,428",±854,"50,431","±1,575","9,204","±1,384","10,089","±1,014","8,100",±628,"402,254","±3,094","106,886","±3,752","55,127","±2,469","23,342","±1,891","467,613","±4,631","99,793","±3,737","114,571","±3,362","5,368","±1,143","9,910",±639,"99,797","±1,712","25,213","±1,717","18,556","±1,224"
    Entered 2010 or later:,"3,760,281","±19,490","1,210,230","±14,315","947,997","±10,799","112,456","±4,697","9,850","±1,010","18,335","±1,279","3,595",±689,"4,647",±709,"8,864",±968,"56,820","±2,734","23,401","±1,839","11,786","±1,587","12,573","±1,057","6,252",±846,"904,335","±9,107","221,500","±6,396","300,307","±6,784","13,344","±1,374","2,401",±458,"39,307","±2,034","10,740","±1,191","8,350",±877,"39,357","±2,016","20,138","±1,614","8,438",±845,"1,061",±300,"10,738",±869,"5,336",±645,"3,352",±597,"6,221",±704,"1,340",±302,"1,941",±557,"115,207","±3,483","37,598","±2,158","23,929","±1,728","2,991",±714,788,±320,"111,605","±4,065","46,576","±2,735","16,848","±1,504","2,739","±1,085","48,773","±2,549","6,160",±983,123,±68,"6,143",±849,"154,404","±3,907","64,109","±3,131","32,375","±1,981","7,823","±1,186","53,697","±2,071","16,953","±1,150","11,602",±939,"25,986","±1,517","6,073",±959,"5,896",±696,"20,823","±1,284","6,084",±793,"4,824",±627,"23,821","±1,202","6,791",±761,"2,977",±520,"16,720","±1,370","3,526",±702,"3,389",±599,"3,748",±442,"68,783","±2,639","19,873","±1,614","14,867","±1,093","5,213","±1,058","124,879","±3,393","38,829","±2,335","48,899","±2,273","3,147",±822,"91,934","±2,586","38,668","±2,158","17,673","±1,241","3,744",±796,"50,890","±2,458","17,242","±1,421","7,768",±767,"6,565",±680,"34,060","±1,715","11,576","±1,146","9,582",±980,"2,474",±411,"17,054","±1,249","4,252",±593,"39,693","±2,219","4,244",±990,"8,254","±1,039","9,898","±1,001","4,042",±572,"1,314",±328,"184,459","±4,043","110,271","±3,662","28,271","±2,082","6,801",±882,"8,134","±1,013","340,290","±7,215","73,422","±4,075","132,123","±4,121","18,670","±2,232",753,±250,"81,461","±2,805","36,700","±1,963","13,340","±1,260","1,398",±408,"6,158",±732,"87,455","±2,845","35,514","±2,409","19,333","±1,425","21,502","±1,411","4,597",±869,"4,825",±772,"39,970","±2,219","9,518","±1,422","10,941",±849,"110,387","±2,992","44,082","±2,395","27,065","±1,398","3,436",±746,"9,491",±963,"4,524",±779,"2,318",±523,"21,320","±1,468","7,347",±916,"4,490",±649,"4,925",±717,"32,693","±2,116","11,116","±1,406","6,361",±762,"351,750","±6,147","136,039","±4,731","52,664","±2,823","18,817","±2,046","1,132",±298,"19,434","±1,538","5,510","±1,159","3,926",±612,"3,911",±559,"110,990","±3,419","36,633","±2,140","17,188","±1,336","7,727","±1,192","162,463","±4,530","54,546","±3,159","46,634","±2,314","1,984",±561,"3,230",±502,"34,736","±1,705","12,018","±1,250","8,636",±927
        Native,"102,593","±3,098","14,971","±1,438","19,846","±1,098","5,401",±905,"2,288",±488,607,±227,94,±104,147,±90,556,±193,"1,254",±289,178,±199,78,±61,238,±198,70,±105,"30,688","±1,501","3,208",±726,"7,982",±713,599,±310,671,±296,893,±197,13,±20,156,±90,587,±204,199,±144,144,±87,37,±43,62,±35,3,±5,8,±13,207,±120,97,±89,27,±33,"3,383",±495,489,±242,532,±184,114,±78,165,±150,"2,257",±613,559,±217,206,±158,106,±142,"4,185",±638,231,±119,32,±33,288,±213,"3,659",±563,714,±265,773,±359,516,±309,683,±241,31,±31,194,±85,428,±206,100,±104,41,±66,311,±148,66,±65,52,±60,374,±146,12,±18,95,±83,407,±156,118,±96,11,±32,174,±98,"1,772",±319,245,±116,367,±127,265,±143,"2,771",±539,477,±171,617,±171,97,±88,"2,047",±438,560,±223,212,±142,146,±91,"1,215",±330,182,±125,78,±64,135,±78,"1,031",±296,230,±157,73,±54,97,±53,144,±80,19,±28,"1,798",±355,23,±41,235,±112,115,±70,0,±28,14,±16,"3,210",±464,"1,017",±311,362,±123,465,±171,119,±78,"9,302",±795,"1,967",±321,"2,811",±435,"1,000",±317,145,±98,"1,721",±524,140,±81,374,±196,72,±58,104,±75,"1,281",±330,417,±221,175,±116,636,±218,44,±35,26,±30,"1,693",±712,6,±11,229,±118,"2,091",±439,389,±191,436,±172,232,±167,259,±139,29,±43,43,±46,545,±224,36,±39,152,±119,18,±19,777,±232,101,±89,191,±135,"8,314","±1,040","1,855",±630,"1,308",±280,877,±519,218,±120,379,±139,19,±22,118,±86,147,±100,"3,707",±488,788,±226,258,±108,185,±98,"4,629",±711,253,±144,587,±177,301,±254,159,±126,879,±254,133,±109,65,±45
        Foreign born:,"3,657,688","±19,538","1,195,259","±14,361","928,151","±10,685","107,055","±4,441","7,562",±844,"17,728","±1,231","3,501",±638,"4,500",±696,"8,308",±924,"55,566","±2,720","23,223","±1,836","11,708","±1,578","12,335","±1,075","6,182",±858,"873,647","±8,792","218,292","±6,417","292,325","±6,763","12,745","±1,328","1,730",±354,"38,414","±1,994","10,727","±1,188","8,194",±861,"38,770","±1,984","19,939","±1,597","8,294",±849,"1,024",±297,"10,676",±863,"5,333",±645,"3,344",±596,"6,014",±687,"1,243",±289,"1,914",±560,"111,824","±3,454","37,109","±2,180","23,397","±1,723","2,877",±707,623,±263,"109,348","±4,005","46,017","±2,718","16,642","±1,492","2,633","±1,063","44,588","±2,391","5,929",±989,91,±59,"5,855",±829,"150,745","±3,951","63,395","±3,099","31,602","±1,831","7,307","±1,106","53,014","±2,092","16,922","±1,148","11,408",±950,"25,558","±1,502","5,973",±960,"5,855",±689,"20,512","±1,304","6,018",±783,"4,772",±629,"23,447","±1,191","6,779",±760,"2,882",±504,"16,313","±1,389","3,408",±701,"3,378",±605,"3,574",±439,"67,011","±2,661","19,628","±1,608","14,500","±1,068","4,948","±1,048","122,108","±3,354","38,352","±2,350","48,282","±2,242","3,050",±806,"89,887","±2,551","38,108","±2,151","17,461","±1,235","3,598",±783,"49,675","±2,436","17,060","±1,394","7,690",±773,"6,430",±669,"33,029","±1,707","11,346","±1,159","9,509",±971,"2,377",±403,"16,910","±1,259","4,233",±588,"37,895","±2,202","4,221",±992,"8,019",±991,"9,783",±995,"4,042",±572,"1,300",±327,"181,249","±3,988","109,254","±3,651","27,909","±2,064","6,336",±832,"8,015","±1,004","330,988","±7,041","71,455","±4,056","129,312","±4,039","17,670","±2,088",608,±212,"79,740","±2,745","36,560","±1,969","12,966","±1,226","1,326",±392,"6,054",±719,"86,174","±2,841","35,097","±2,363","19,158","±1,428","20,866","±1,413","4,553",±868,"4,799",±770,"38,277","±2,119","9,512","±1,418","10,712",±834,"108,296","±3,031","43,693","±2,334","26,629","±1,390","3,204",±760,"9,232",±946,"4,495",±770,"2,275",±513,"20,775","±1,447","7,311",±912,"4,338",±661,"4,907",±714,"31,916","±2,136","11,015","±1,400","6,170",±718,"343,436","±6,141","134,184","±4,773","51,356","±2,793","17,940","±2,005",914,±269,"19,055","±1,535","5,491","±1,158","3,808",±606,"3,764",±552,"107,283","±3,473","35,845","±2,156","16,930","±1,324","7,542","±1,196","157,834","±4,447","54,293","±3,150","46,047","±2,299","1,683",±402,"3,071",±464,"33,857","±1,657","11,885","±1,249","8,571",±925
            Naturalized U.S. citizen,"527,161","±6,859","107,486","±3,491","103,969","±3,190","28,419","±2,109","1,629",±374,"2,610",±462,482,±170,870,±320,"2,055",±452,"5,973",±712,"1,083",±308,"1,132",±342,"1,012",±254,169,±127,"134,410","±3,699","20,147","±1,642","33,388","±1,685","3,123",±622,416,±186,"6,019",±826,553,±193,"1,695",±435,"3,302",±429,992,±252,844,±238,221,±132,"1,477",±458,182,±99,626,±262,693,±189,165,±92,162,±93,"17,583","±1,149","4,361",±673,"3,423",±632,525,±220,94,±83,"13,052","±1,376","4,014",±921,"1,847",±357,996,±726,"8,853",±836,"1,069",±432,20,±23,"1,227",±293,"19,557","±1,392","6,410",±816,"2,996",±481,"1,945",±404,"6,338",±793,"1,352",±330,854,±207,"3,456",±570,418,±177,244,±101,"2,736",±463,358,±210,271,±102,"3,873",±505,543,±228,637,±212,"2,097",±378,154,±90,509,±217,643,±203,"10,907",±987,"2,508",±474,"1,262",±292,"1,622",±432,"13,384","±1,209","2,768",±611,"4,414",±580,562,±243,"9,933",±940,"3,044",±546,"1,653",±326,"1,087",±393,"9,570","±1,439",758,±220,"1,171",±286,"1,037",±269,"3,947",±542,593,±261,"1,152",±311,308,±168,"2,673",±414,169,±96,"8,575",±918,500,±286,"1,349",±350,"1,621",±397,215,±116,190,±93,"22,085","±1,577","10,504","±1,109","2,396",±532,"1,915",±426,996,±271,"59,381","±2,509","13,679","±1,234","17,073","±1,242","5,877","±1,098",226,±126,"9,865",±950,"3,152",±595,"1,218",±232,252,±127,610,±234,"12,767","±1,255","2,857",±556,"1,434",±291,"3,928",±650,623,±289,771,±254,"5,133",±784,395,±166,814,±221,"14,627","±1,181","4,145",±574,"2,581",±480,524,±209,619,±223,113,±97,91,±61,"3,939",±596,581,±237,927,±276,902,±420,"4,703",±841,809,±344,"1,235",±291,"45,496","±2,569","10,437","±1,132","4,152",±595,"4,532","±1,024",220,±178,"2,491",±465,356,±205,612,±186,628,±231,"17,368","±1,210","3,724",±564,"2,082",±473,"1,783",±537,"17,705","±1,394","2,230",±445,"3,840",±531,327,±156,364,±102,"4,435",±694,771,±191,904,±276
            Not a U.S. citizen,"3,130,527","±18,581","1,087,773","±13,222","824,182","±10,389","78,636","±3,643","5,933",±778,"15,118","±1,254","3,019",±627,"3,630",±723,"6,253",±695,"49,593","±2,713","22,140","±1,766","10,576","±1,586","11,323","±1,066","6,013",±827,"739,237","±8,074","198,145","±5,905","258,937","±6,451","9,622","±1,119","1,314",±284,"32,395","±1,924","10,174","±1,196","6,499",±784,"35,468","±1,985","18,947","±1,565","7,450",±848,803,±275,"9,199",±839,"5,151",±639,"2,718",±546,"5,321",±706,"1,078",±268,"1,752",±533,"94,241","±3,413","32,748","±2,212","19,974","±1,702","2,352",±640,529,±246,"96,296","±3,822","42,003","±2,549","14,795","±1,463","1,637",±666,"35,735","±2,188","4,860",±832,71,±53,"4,628",±783,"131,188","±3,633","56,985","±2,858","28,606","±1,732","5,362",±907,"46,676","±2,039","15,570","±1,094","10,554",±938,"22,102","±1,408","5,555",±906,"5,611",±704,"17,776","±1,198","5,660",±781,"4,501",±609,"19,574","±1,182","6,236",±719,"2,245",±483,"14,216","±1,360","3,254",±706,"2,869",±537,"2,931",±398,"56,104","±2,593","17,120","±1,612","13,238","±1,055","3,326",±893,"108,724","±3,255","35,584","±2,225","43,868","±2,130","2,488",±750,"79,954","±2,446","35,064","±2,030","15,808","±1,172","2,511",±617,"40,105","±2,166","16,302","±1,384","6,519",±651,"5,393",±653,"29,082","±1,545","10,753","±1,140","8,357",±874,"2,069",±337,"14,237","±1,215","4,064",±572,"29,320","±1,973","3,721",±900,"6,670",±820,"8,162",±936,"3,827",±584,"1,110",±314,"159,164","±3,927","98,750","±3,635","25,513","±1,957","4,421",±690,"7,019",±968,"271,607","±6,223","57,776","±3,502","112,239","±3,805","11,793","±1,503",382,±148,"69,875","±2,685","33,408","±1,878","11,748","±1,204","1,074",±360,"5,444",±641,"73,407","±2,660","32,240","±2,218","17,724","±1,342","16,938","±1,245","3,930",±806,"4,028",±750,"33,144","±2,020","9,117","±1,401","9,898",±805,"93,669","±2,900","39,548","±2,207","24,048","±1,359","2,680",±665,"8,613",±949,"4,382",±768,"2,184",±499,"16,836","±1,309","6,730",±924,"3,411",±586,"4,005",±551,"27,213","±1,827","10,206","±1,342","4,935",±671,"297,940","±5,389","123,747","±4,245","47,204","±2,624","13,408","±1,748",694,±277,"16,564","±1,459","5,135","±1,081","3,196",±543,"3,136",±501,"89,915","±3,236","32,121","±2,059","14,848","±1,211","5,759",±933,"140,129","±4,400","52,063","±3,111","42,207","±2,226","1,356",±347,"2,707",±457,"29,422","±1,584","11,114","±1,239","7,667",±892
    Entered 2000 to 2009:,"2,923,239","±16,526","788,188","±10,925","684,716","±9,734","91,233","±3,505","11,485",±946,"12,905","±1,018","2,479",±542,"2,964",±573,"8,263",±777,"35,425","±2,214","10,810","±1,054","6,341",±898,"6,828",±871,"1,695",±440,"801,602","±7,823","147,936","±4,059","213,186","±4,626","11,557","±1,334","2,766",±436,"30,132","±1,462","4,982",±655,"6,969",±658,"28,405","±1,500","11,416","±1,189","6,369",±804,"1,551",±538,"7,020",±756,"3,268",±580,"1,589",±360,"3,603",±447,922,±242,"1,312",±243,"99,072","±2,867","31,214","±2,104","18,932","±1,546","2,465",±676,841,±240,"77,814","±2,405","29,365","±1,596","10,964","±1,001","2,242",±585,"42,334","±1,912","5,767",±840,138,±98,"4,057",±581,"118,226","±2,684","42,397","±1,835","21,988","±1,213","6,281","±1,047","32,546","±1,682","8,671","±1,066","6,772",±994,"13,683","±1,068","2,813",±517,"2,204",±438,"13,527","±1,046","3,876",±644,"1,920",±350,"13,123","±1,153","3,145",±532,"3,301",±508,"9,977",±948,"1,788",±512,"2,113",±436,"2,143",±359,"72,926","±2,601","18,904","±1,337","13,938",±962,"4,376",±949,"81,213","±2,226","24,120","±1,558","28,810","±1,593","1,969",±412,"52,777","±2,214","20,224","±1,489","9,594",±728,"2,272",±476,"38,823","±1,718","7,435",±944,"6,302",±630,"3,922",±594,"19,490","±1,272","5,842",±685,"5,178",±703,"1,171",±254,"8,727",±697,"1,277",±306,"40,008","±1,791","2,597",±550,"5,781",±684,"6,825",±784,"1,797",±419,"1,931",±440,"162,328","±3,331","82,602","±3,291","22,334","±1,357","6,111",±831,"4,946",±522,"304,345","±5,473","68,194","±2,660","128,705","±3,656","14,693","±1,577","1,520",±487,"53,896","±1,983","20,669","±1,485","8,912",±852,"1,784",±606,"1,747",±400,"47,442","±2,104","17,269","±1,712","10,084",±786,"13,080","±1,134","3,302",±712,"1,727",±394,"26,824","±1,322","5,149",±742,"7,245",±747,"83,332","±2,963","28,672","±1,586","21,361","±1,385","2,458",±492,"5,022",±677,"1,059",±381,"1,187",±325,"13,255",±947,"4,352",±654,"2,850",±548,"2,570",±536,"21,021","±1,266","6,547",±847,"4,869",±602,"252,903","±5,778","89,232","±3,537","38,648","±2,624","14,142","±1,582",939,±329,"12,235",±984,"2,051",±403,"2,518",±483,"1,868",±291,"102,050","±2,545","33,728","±1,757","11,525",±840,"7,054",±891,"100,743","±2,719","24,935","±1,474","23,991","±1,427","2,203",±807,"2,336",±308,"23,856","±1,256","6,795",±877,"4,749",±568
        Native,"89,402","±2,448","11,410","±1,005","20,193","±1,019","5,032",±802,"1,524",±395,592,±211,18,±26,420,±187,516,±176,"1,081",±335,94,±84,232,±179,165,±87,13,±21,"24,568","±1,345","2,028",±473,"4,818",±592,526,±226,318,±149,"1,747",±373,32,±43,751,±258,"1,198",±380,291,±166,225,±147,135,±108,166,±118,0,±30,12,±13,197,±132,0,±33,59,±58,"3,339",±630,484,±201,742,±244,18,±32,88,±54,"1,762",±348,446,±168,253,±116,61,±51,"3,093",±506,371,±241,18,±27,411,±227,"3,862",±635,"1,062",±377,961,±423,328,±212,998,±242,86,±52,264,±133,382,±173,91,±104,99,±92,339,±256,137,±225,52,±52,562,±254,8,±10,124,±69,243,±102,0,±32,124,±86,120,±58,"2,048",±329,468,±176,288,±113,90,±68,"2,113",±457,290,±133,590,±173,121,±113,"1,847",±408,262,±130,359,±165,315,±248,"1,012",±217,60,±55,202,±117,130,±80,401,±179,20,±27,164,±119,65,±48,181,±85,14,±19,"2,320",±400,94,±113,234,±149,361,±124,0,±28,247,±116,"3,207",±413,792,±219,662,±255,506,±220,144,±94,"8,074",±705,"1,704",±376,"2,865",±448,924,±259,184,±183,"1,244",±376,129,±89,263,±144,68,±69,91,±50,"1,263",±290,390,±172,370,±200,454,±183,161,±141,90,±69,924,±252,119,±98,257,±121,"1,806",±326,240,±109,455,±124,195,±95,232,±164,0,±33,54,±46,457,±159,161,±155,96,±67,221,±142,574,±181,40,±39,123,±72,"6,467",±815,"1,073",±300,"1,179",±280,870,±407,132,±101,463,±207,15,±25,64,±52,85,±55,"3,142",±507,341,±187,218,±97,484,±163,"3,913",±512,152,±82,913,±243,104,±105,62,±43,749,±211,20,±60,201,±84
        Foreign born:,"2,833,837","±16,094","776,778","±10,548","664,523","±9,565","86,201","±3,342","9,961",±841,"12,313","±1,007","2,461",±541,"2,544",±510,"7,747",±758,"34,344","±2,177","10,716","±1,030","6,109",±876,"6,663",±851,"1,682",±435,"777,034","±7,626","145,908","±4,028","208,368","±4,738","11,031","±1,287","2,448",±397,"28,385","±1,406","4,950",±649,"6,218",±625,"27,207","±1,510","11,125","±1,180","6,144",±813,"1,416",±553,"6,854",±770,"3,268",±580,"1,577",±359,"3,406",±424,922,±242,"1,253",±250,"95,733","±2,820","30,730","±2,134","18,190","±1,545","2,447",±674,753,±236,"76,052","±2,370","28,919","±1,582","10,711",±991,"2,181",±578,"39,241","±1,860","5,396",±788,120,±76,"3,646",±589,"114,364","±2,744","41,335","±1,800","21,027","±1,191","5,953","±1,058","31,548","±1,730","8,585","±1,063","6,508",±979,"13,301","±1,051","2,722",±519,"2,105",±424,"13,188","±1,027","3,739",±587,"1,868",±348,"12,561","±1,101","3,137",±533,"3,177",±492,"9,734",±945,"1,788",±512,"1,989",±430,"2,023",±361,"70,878","±2,573","18,436","±1,301","13,650",±948,"4,286",±940,"79,100","±2,149","23,830","±1,550","28,220","±1,596","1,848",±392,"50,930","±2,270","19,962","±1,473","9,235",±737,"1,957",±379,"37,811","±1,742","7,375",±944,"6,100",±615,"3,792",±584,"19,089","±1,258","5,822",±683,"5,014",±710,"1,106",±252,"8,546",±695,"1,263",±305,"37,688","±1,774","2,503",±541,"5,547",±653,"6,464",±763,"1,797",±419,"1,684",±412,"159,121","±3,288","81,810","±3,250","21,672","±1,337","5,605",±749,"4,802",±519,"296,271","±5,466","66,490","±2,499","125,840","±3,524","13,769","±1,563","1,336",±393,"52,652","±2,016","20,540","±1,479","8,649",±826,"1,716",±596,"1,656",±397,"46,179","±2,098","16,879","±1,708","9,714",±783,"12,626","±1,129","3,141",±711,"1,637",±371,"25,900","±1,325","5,030",±758,"6,988",±720,"81,526","±2,980","28,432","±1,614","20,906","±1,397","2,263",±476,"4,790",±678,"1,059",±381,"1,133",±329,"12,798",±930,"4,191",±628,"2,754",±535,"2,349",±512,"20,447","±1,244","6,507",±845,"4,746",±590,"246,436","±5,796","88,159","±3,529","37,469","±2,572","13,272","±1,480",807,±312,"11,772","±1,028","2,036",±403,"2,454",±471,"1,783",±291,"98,908","±2,413","33,387","±1,720","11,307",±823,"6,570",±884,"96,830","±2,650","24,783","±1,475","23,078","±1,421","2,099",±766,"2,274",±305,"23,107","±1,255","6,775",±876,"4,548",±562
            Naturalized U.S. citizen,"1,713,269","±12,809","422,558","±7,048","369,046","±6,813","67,972","±2,901","5,170",±670,"7,180",±911,"1,290",±469,"1,557",±385,"4,735",±560,"20,003","±1,391","5,122",±666,"3,400",±472,"3,280",±541,558,±228,"485,719","±6,149","79,995","±2,891","121,848","±3,271","9,251","±1,150","1,178",±280,"17,420","±1,026","2,074",±372,"4,436",±515,"15,981","±1,269","6,428",±934,"3,146",±455,806,±295,"3,809",±630,"1,635",±482,773,±233,"1,836",±270,416,±149,704,±133,"62,389","±2,241","18,600","±1,645","10,648","±1,141","2,014",±636,538,±192,"43,220","±2,080","16,226","±1,339","5,798",±698,"1,587",±454,"23,004","±1,290","3,125",±431,101,±73,"2,218",±443,"67,252","±2,119","22,875","±1,379","11,175",±953,"4,771",±979,"18,624","±1,328","5,394",±888,"3,538",±646,"6,961",±635,953,±208,"1,011",±241,"7,803",±819,"2,029",±407,"1,162",±251,"8,288",±825,"2,086",±447,"2,250",±440,"5,930",±737,"1,179",±446,"1,064",±291,"1,477",±330,"41,742","±1,905","10,037","±1,027","7,147",±636,"3,564",±869,"47,260","±1,687","12,397","±1,205","15,727","±1,006","1,413",±311,"30,391","±1,737","10,600",±983,"5,240",±504,"1,662",±344,"26,387","±1,656","3,576",±820,"4,047",±481,"2,139",±406,"11,556","±1,061","3,218",±491,"3,029",±517,802,±214,"5,418",±514,594,±200,"26,139","±1,538","1,390",±334,"3,646",±515,"4,029",±531,959,±271,904,±251,"91,720","±2,885","44,773","±2,629","10,144",±866,"4,569",±661,"2,730",±442,"172,887","±3,927","43,055","±1,751","63,985","±2,443","10,459","±1,327",618,±277,"30,832","±1,540","9,812","±1,066","4,812",±608,"1,508",±547,837,±276,"26,884","±1,649","8,310","±1,159","5,069",±627,"7,803",±964,"1,866",±635,719,±200,"15,108",±993,"1,724",±476,"4,196",±550,"49,030","±2,178","15,639","±1,241","11,579",±809,"1,969",±426,"2,659",±405,375,±135,576,±188,"8,189",±744,"2,721",±520,"1,568",±339,"1,604",±382,"11,601","±1,080","3,108",±757,"2,591",±477,"147,428","±5,267","46,066","±2,730","19,685","±1,770","10,739","±1,389",402,±208,"6,216",±727,928,±263,"1,469",±374,"1,252",±245,"62,753","±1,995","18,985","±1,431","6,603",±550,"4,965",±722,"55,489","±1,990","10,889",±898,"12,163",±899,"1,518",±645,"1,146",±214,"13,592",±938,"2,480",±454,"2,943",±416
            Not a U.S. citizen,"1,120,568","±12,101","354,220","±7,064","295,477","±6,018","18,229","±1,296","4,791",±586,"5,133",±611,"1,171",±290,987,±314,"3,012",±545,"14,341","±1,466","5,594",±731,"2,709",±674,"3,383",±605,"1,124",±377,"291,315","±5,215","65,913","±2,781","86,520","±3,014","1,780",±432,"1,270",±276,"10,965","±1,021","2,876",±570,"1,782",±282,"11,226",±893,"4,697",±606,"2,998",±544,610,±435,"3,045",±460,"1,633",±357,804,±274,"1,570",±283,506,±185,549,±179,"33,344","±1,945","12,130","±1,104","7,542",±902,433,±215,215,±120,"32,832","±1,845","12,693","±1,235","4,913",±638,594,±311,"16,237","±1,086","2,271",±457,19,±20,"1,428",±382,"47,112","±2,211","18,460","±1,212","9,852",±803,"1,182",±281,"12,924","±1,306","3,191",±573,"2,970",±613,"6,340",±823,"1,769",±484,"1,094",±325,"5,385",±731,"1,710",±449,706,±200,"4,273",±637,"1,051",±319,927,±256,"3,804",±609,609,±272,925,±299,546,±176,"29,136","±1,878","8,399",±863,"6,503",±844,722,±278,"31,840","±1,492","11,433","±1,009","12,493","±1,106",435,±261,"20,539","±1,156","9,362","±1,007","3,995",±500,295,±165,"11,424",±948,"3,799",±621,"2,053",±371,"1,653",±362,"7,533",±820,"2,604",±483,"1,985",±428,304,±133,"3,128",±506,669,±210,"11,549","±1,085","1,113",±466,"1,901",±352,"2,435",±471,838,±322,780,±258,"67,401","±2,577","37,037","±2,134","11,528",±888,"1,036",±322,"2,072",±394,"123,384","±3,588","23,435","±1,427","61,855","±2,678","3,310",±636,718,±261,"21,820","±1,430","10,728","±1,065","3,837",±578,208,±177,819,±286,"19,295","±1,270","8,569","±1,081","4,645",±589,"4,823",±765,"1,275",±420,918,±276,"10,792",±886,"3,306",±546,"2,792",±442,"32,496","±1,804","12,793","±1,035","9,327","±1,025",294,±156,"2,131",±505,684,±346,557,±261,"4,609",±577,"1,470",±310,"1,186",±341,745,±223,"8,846",±896,"3,399",±624,"2,155",±449,"99,008","±4,002","42,093","±2,749","17,784","±1,612","2,533",±564,405,±226,"5,556",±684,"1,108",±303,985,±239,531,±178,"36,155","±1,830","14,402","±1,242","4,704",±606,"1,605",±428,"41,341","±2,071","13,894","±1,208","10,915","±1,131",581,±289,"1,128",±242,"9,515",±962,"4,295",±715,"1,605",±318
    Entered 1990 to 1999:,"2,433,998","±12,416","541,401","±6,827","605,936","±7,183","77,988","±3,385","11,421","±1,049","9,731",±804,"2,001",±444,"1,998",±399,"6,816",±728,"26,140","±1,420","5,685",±668,"5,026",±554,"4,271",±468,847,±242,"763,054","±7,890","107,231","±3,188","210,405","±3,630","8,467",±843,"3,354",±473,"20,170","±1,122","3,294",±450,"4,770",±578,"23,438","±1,223","7,112",±718,"6,926",±766,"1,159",±274,"4,870",±580,"1,556",±372,"1,051",±319,"3,258",±529,567,±165,949,±261,"85,363","±2,566","24,142","±1,663","15,306","±1,239","2,635",±540,914,±279,"63,680","±2,299","21,489","±1,423","8,724",±805,"2,309",±668,"38,214","±1,630","5,139",±564,433,±161,"2,229",±360,"95,134","±2,826","32,972","±1,739","17,698","±1,225","6,363",±794,"16,224","±1,129","4,506",±628,"3,579",±502,"7,732",±652,"1,319",±262,"1,188",±304,"11,319",±857,"2,565",±431,"1,722",±432,"6,853",±739,"1,770",±414,"1,581",±332,"9,200",±849,"1,284",±368,"1,273",±305,"2,010",±346,"57,710","±2,016","14,999","±1,206","14,460","±1,084","2,968",±492,"62,043","±1,982","14,537","±1,074","23,056","±1,042","1,232",±429,"42,067","±1,428","16,240",±959,"8,224",±836,"1,820",±370,"33,344","±1,559","5,470",±651,"5,698",±658,"3,124",±418,"15,582","±1,186","3,834",±514,"3,765",±497,891,±242,"4,838",±520,509,±193,"33,716","±1,539","1,998",±393,"5,101",±645,"5,060",±658,"1,586",±363,"1,418",±346,"133,531","±2,788","54,223","±2,018","24,696","±1,251","6,239",±766,"3,285",±461,"260,654","±4,502","59,496","±2,070","112,709","±3,460","13,126","±1,474","1,459",±522,"41,379","±1,794","13,780","±1,325","6,913",±738,"1,339",±289,870,±237,"30,023","±1,491","10,576",±963,"7,646",±963,"11,001",±702,"1,875",±362,"1,270",±334,"23,569","±1,215","3,945",±586,"5,671",±784,"58,216","±1,925","17,669","±1,173","17,463","±1,070","1,480",±380,"3,346",±512,548,±203,"1,153",±342,"10,184",±792,"2,241",±457,"2,032",±403,806,±186,"15,222","±1,041","3,748",±555,"2,867",±535,"186,744","±3,537","54,128","±2,420","32,125","±1,883","13,702","±1,486",866,±312,"8,202",±747,809,±228,"1,958",±376,910,±208,"82,528","±2,261","21,708","±1,499","11,896",±976,"4,934",±573,"84,895","±2,378","12,170",±943,"19,994","±1,363",746,±217,"1,844",±297,"18,150","±1,023","3,444",±524,"3,003",±474
        Native,"64,052","±2,700","8,288",±850,"12,481",±929,"2,586",±472,"2,145",±468,296,±212,28,±33,42,±39,674,±291,"1,245",±297,34,±41,383,±214,215,±121,0,±30,"19,010","±1,100","1,558",±301,"4,098",±496,276,±126,680,±291,943,±214,157,±103,174,±90,403,±151,102,±58,162,±115,20,±36,47,±48,0,±30,47,±48,336,±188,0,±33,236,±166,"2,260",±450,336,±125,263,±115,44,±45,230,±120,"1,589",±392,369,±205,88,±55,134,±153,"2,029",±348,210,±167,206,±124,20,±19,"2,020",±343,523,±191,248,±105,244,±119,234,±114,41,±39,20,±41,180,±86,17,±29,69,±66,606,±190,37,±70,111,±98,259,±103,83,±46,47,±56,190,±104,9,±15,22,±25,117,±91,"1,414",±226,345,±170,206,±96,143,±79,"1,409",±336,235,±111,373,±178,0,±31,951,±256,182,±84,41,±42,53,±55,987,±278,168,±161,117,±71,124,±133,646,±299,79,±63,122,±71,39,±53,261,±130,0,±23,"1,709",±504,15,±17,85,±67,174,±138,0,±28,92,±97,"1,735",±330,632,±231,222,±86,145,±93,123,±136,"5,460",±757,"1,101",±386,"2,015",±422,783,±260,99,±93,"1,278",±397,211,±143,211,±150,168,±146,52,±49,865,±290,146,±87,238,±220,378,±109,0,±23,26,±28,692,±223,67,±74,215,±131,"1,469",±304,559,±189,369,±131,69,±96,168,±97,0,±33,31,±41,283,±132,28,±33,40,±47,27,±31,506,±192,108,±77,83,±83,"4,549",±849,618,±270,"1,090",±494,285,±282,153,±173,352,±142,7,±12,94,±65,96,±86,"2,092",±361,217,±115,138,±56,114,±79,"3,131",±540,159,±106,299,±128,16,±22,35,±38,293,±156,59,±75,14,±18
        Foreign born:,"2,369,946","±12,207","533,113","±6,608","593,455","±7,037","75,402","±3,363","9,276",±878,"9,435",±773,"1,973",±443,"1,956",±397,"6,142",±706,"24,895","±1,370","5,651",±662,"4,643",±532,"4,056",±458,847,±242,"744,044","±7,713","105,673","±3,152","206,307","±3,602","8,191",±829,"2,674",±378,"19,227","±1,114","3,137",±444,"4,596",±564,"23,035","±1,204","7,010",±713,"6,764",±763,"1,139",±263,"4,823",±570,"1,556",±372,"1,004",±313,"2,922",±516,567,±165,713,±234,"83,103","±2,562","23,806","±1,666","15,043","±1,227","2,591",±534,684,±240,"62,091","±2,297","21,120","±1,375","8,636",±806,"2,175",±645,"36,185","±1,550","4,929",±521,227,±114,"2,209",±359,"93,114","±2,819","32,449","±1,727","17,450","±1,220","6,119",±772,"15,990","±1,112","4,465",±626,"3,559",±499,"7,552",±630,"1,302",±267,"1,119",±297,"10,713",±815,"2,528",±414,"1,611",±391,"6,594",±747,"1,687",±404,"1,534",±331,"9,010",±821,"1,275",±367,"1,251",±308,"1,893",±324,"56,296","±2,028","14,654","±1,171","14,254","±1,069","2,825",±497,"60,634","±2,040","14,302","±1,067","22,683","±1,058","1,232",±429,"41,116","±1,440","16,058",±949,"8,183",±835,"1,767",±367,"32,357","±1,512","5,302",±623,"5,581",±654,"3,000",±424,"14,936","±1,102","3,755",±507,"3,643",±493,852,±245,"4,577",±510,509,±193,"32,007","±1,535","1,983",±389,"5,016",±642,"4,886",±624,"1,586",±363,"1,326",±327,"131,796","±2,773","53,591","±1,989","24,474","±1,245","6,094",±745,"3,162",±472,"255,194","±4,503","58,395","±2,003","110,694","±3,466","12,343","±1,477","1,360",±526,"40,101","±1,766","13,569","±1,316","6,702",±738,"1,171",±251,818,±235,"29,158","±1,403","10,430",±976,"7,408",±876,"10,623",±721,"1,875",±362,"1,244",±328,"22,877","±1,173","3,878",±598,"5,456",±778,"56,747","±2,000","17,110","±1,175","17,094","±1,065","1,411",±359,"3,178",±513,548,±203,"1,122",±333,"9,901",±779,"2,213",±458,"1,992",±390,779,±185,"14,716","±1,051","3,640",±567,"2,784",±526,"182,195","±3,628","53,510","±2,447","31,035","±1,925","13,417","±1,453",713,±262,"7,850",±760,802,±228,"1,864",±348,814,±189,"80,436","±2,238","21,491","±1,495","11,758",±970,"4,820",±567,"81,764","±2,297","12,011",±934,"19,695","±1,379",730,±213,"1,809",±295,"17,857","±1,031","3,385",±522,"2,989",±474
            Naturalized U.S. citizen,"1,974,837","±11,059","464,859","±6,424","482,811","±5,884","66,521","±3,002","5,919",±635,"7,253",±665,"1,537",±414,"1,472",±337,"4,492",±529,"21,665","±1,266","5,182",±644,"4,018",±514,"3,258",±399,760,±228,"629,418","±7,304","92,809","±2,886","176,701","±2,975","7,211",±733,"1,796",±313,"15,971",±909,"2,784",±409,"3,786",±504,"19,288","±1,166","6,105",±653,"5,379",±718,"1,081",±264,"4,141",±520,"1,346",±336,843,±274,"2,606",±495,498,±151,659,±223,"71,014","±2,325","21,775","±1,517","11,976","±1,107","2,411",±504,558,±234,"50,269","±2,121","17,606","±1,294","7,319",±797,"1,655",±566,"26,264","±1,331","4,190",±514,181,±108,"1,817",±332,"79,841","±2,818","29,339","±1,656","14,351","±1,151","5,621",±737,"12,468","±1,055","3,706",±594,"2,592",±423,"6,372",±600,"1,123",±249,853,±262,"9,507",±821,"2,251",±439,"1,405",±368,"5,202",±586,"1,286",±310,"1,223",±272,"7,442",±783,"1,151",±356,949,±263,"1,501",±253,"47,842","±1,835","12,555","±1,077","12,126","±1,023","2,473",±478,"51,929","±1,949","12,629","±1,066","19,263",±991,"1,132",±406,"34,885","±1,372","14,051",±855,"6,811",±756,"1,738",±365,"28,538","±1,402","4,683",±613,"4,833",±583,"2,198",±345,"12,389",±960,"3,126",±481,"2,724",±411,795,±252,"3,910",±450,460,±184,"27,376","±1,569","1,765",±372,"4,159",±603,"4,225",±530,"1,314",±299,"1,201",±278,"110,242","±2,829","46,815","±1,886","20,037","±1,100","5,608",±709,"2,745",±446,"189,710","±3,967","47,253","±1,781","78,509","±2,723","9,953","±1,220",785,±281,"33,481","±1,679","11,935","±1,221","5,585",±679,"1,026",±225,547,±177,"24,402","±1,190","9,487",±951,"5,829",±724,"8,942",±656,"1,542",±340,998,±273,"19,748","±1,100","3,562",±564,"4,909",±706,"47,386","±1,667","15,456","±1,023","12,816",±841,"1,264",±338,"2,868",±509,514,±199,"1,070",±333,"8,372",±768,"2,019",±433,"1,379",±331,663,±160,"11,793",±867,"3,202",±548,"2,040",±399,"156,864","±3,685","46,600","±2,346","25,586","±1,647","11,678","±1,330",226,±122,"6,545",±695,736,±224,"1,518",±328,702,±180,"70,094","±2,055","19,707","±1,452","9,851",±803,"4,290",±468,"68,625","±2,305","10,557",±869,"17,157","±1,335",686,±210,"1,414",±261,"15,387",±974,"2,958",±464,"2,592",±459
            Not a U.S. citizen,"395,109","±5,895","68,254","±2,343","110,644","±3,620","8,881","±1,210","3,357",±606,"2,182",±438,436,±173,484,±222,"1,650",±376,"3,230",±402,469,±166,625,±193,798,±238,87,±84,"114,626","±3,192","12,864",±968,"29,606","±1,684",980,±304,878,±225,"3,256",±514,353,±154,810,±207,"3,747",±484,905,±267,"1,385",±332,58,±44,682,±267,210,±153,161,±109,316,±131,69,±53,54,±56,"12,089","±1,239","2,031",±474,"3,067",±536,180,±152,126,±133,"11,822","±1,387","3,514",±665,"1,317",±314,520,±353,"9,921",±794,739,±181,46,±45,392,±131,"13,273",±972,"3,110",±444,"3,099",±437,498,±185,"3,522",±572,759,±281,967,±300,"1,180",±260,179,±107,266,±126,"1,206",±294,277,±136,206,±123,"1,392",±313,401,±223,311,±158,"1,568",±325,124,±95,302,±135,392,±182,"8,454",±739,"2,099",±445,"2,128",±347,352,±150,"8,705",±736,"1,673",±309,"3,420",±434,100,±62,"6,231",±643,"2,007",±393,"1,372",±293,29,±27,"3,819",±454,619,±185,748,±198,802,±206,"2,547",±458,629,±219,919,±269,57,±53,667,±199,49,±40,"4,631",±593,218,±117,857,±244,661,±238,272,±168,125,±104,"21,554","±1,363","6,776",±940,"4,437",±565,486,±205,417,±178,"65,484","±2,622","11,142",±965,"32,185","±2,054","2,390",±579,575,±375,"6,620",±706,"1,634",±390,"1,117",±274,145,±129,271,±141,"4,756",±663,943,±263,"1,579",±358,"1,681",±332,333,±144,246,±106,"3,129",±448,316,±192,547,±171,"9,361",±790,"1,654",±443,"4,278",±606,147,±89,310,±124,34,±35,52,±33,"1,529",±302,194,±96,613,±214,116,±112,"2,923",±468,438,±154,744,±258,"25,331","±1,421","6,910",±692,"5,449",±780,"1,739",±524,487,±227,"1,305",±316,66,±65,346,±179,112,±63,"10,342",±949,"1,784",±519,"1,907",±390,530,±223,"13,139","±1,099","1,454",±393,"2,538",±406,44,±44,395,±176,"2,470",±421,427,±196,397,±149
    Entered before 1990:,"3,437,653","±13,988","493,547","±5,919","821,902","±8,171","61,020","±2,626","25,549","±1,573","10,651",±732,"2,029",±424,"1,291",±293,"9,053",±562,"42,592","±1,398","6,895",±884,"7,731",±717,"7,446",±501,481,±155,"1,287,330","±7,592","95,122","±2,802","364,480","±4,830","9,605","±1,015","9,250",±958,"31,701","±1,148","2,751",±418,"4,790",±549,"26,112","±1,134","7,545",±714,"6,064",±636,"1,014",±338,"6,364",±568,"1,793",±447,"1,326",±361,"4,204",±458,804,±229,655,±237,"126,453","±2,407","31,647","±1,866","19,543","±1,567","2,346",±395,"2,165",±465,"66,745","±1,914","15,947","±1,414","9,581","±1,018","1,571",±424,"87,147","±2,384","12,070",±834,"1,416",±318,"3,504",±539,"128,885","±2,492","33,276","±1,651","21,442","±1,250","5,521",±743,"17,027",±935,"3,704",±640,"2,689",±492,"10,165",±677,"1,002",±278,720,±226,"13,775",±845,"1,654",±309,"2,335",±451,"7,633",±610,"1,275",±271,"1,095",±220,"16,387",±874,"1,874",±392,"1,824",±393,"2,800",±347,"76,763","±1,702","18,062","±1,208","16,968","±1,121","2,629",±435,"67,312","±2,049","10,512",±861,"25,296","±1,293",940,±242,"45,431","±1,294","11,651",±923,"7,534",±669,"1,244",±268,"46,145","±1,180","3,907",±551,"3,688",±412,"5,338",±456,"19,049",±906,"2,794",±427,"3,366",±468,"1,445",±197,"5,077",±427,447,±151,"62,842","±1,739","3,021",±879,"10,666","±1,022","4,680",±428,729,±222,"1,198",±307,"155,642","±2,766","47,649","±1,819","34,388","±1,752","4,705",±651,"6,353",±620,"307,927","±4,783","64,346","±2,210","137,743","±2,853","8,502","±1,019","2,545",±562,"43,241","±1,399","9,288",±859,"6,414",±799,550,±161,847,±211,"37,674","±1,603","10,005","±1,000","7,261",±799,"14,933",±643,"2,078",±370,"1,358",±265,"33,407","±1,173","1,912",±331,"6,380",±641,"71,580","±2,093","17,046","±1,040","14,971","±1,019","1,606",±445,"7,498",±612,900,±253,"1,321",±295,"14,427",±839,"2,957",±530,"1,798",±339,"1,432",±250,"19,343",±978,"3,434",±598,"2,014",±343,"219,076","±4,295","44,050","±2,138","34,661","±1,953","10,221","±1,233","1,491",±505,"10,560",±603,834,±223,"1,687",±314,"1,411",±234,"106,686","±1,958","14,817",±964,"14,518","±1,050","3,627",±570,"119,512","±2,751","8,142",±787,"23,952","±1,447",435,±170,"2,500",±313,"23,055",±822,"2,956",±443,"2,168",±374
        Native,"108,499","±2,740","5,871",±653,"15,417","±1,117","1,080",±244,"4,347",±692,444,±189,61,±47,10,±12,698,±191,"1,999",±444,105,±63,234,±117,281,±133,17,±26,"41,394","±1,607","1,371",±306,"6,514",±597,218,±134,984,±217,984,±251,22,±30,56,±45,691,±216,107,±71,232,±165,0,±31,162,±93,8,±12,8,±13,212,±111,23,±19,40,±30,"4,498",±616,374,±146,466,±175,16,±31,330,±287,"1,829",±421,206,±120,75,±84,23,±31,"7,797",±774,577,±160,219,±114,129,±82,"2,582",±480,277,±119,358,±223,61,±54,576,±198,129,±113,0,±29,235,±96,8,±12,0,±24,441,±146,0,±26,36,±41,403,±127,59,±47,1,±2,519,±217,77,±101,63,±64,105,±57,"1,610",±314,214,±120,300,±127,73,±60,"1,339",±287,97,±57,491,±167,0,±31,"1,017",±293,60,±54,90,±60,26,±29,"1,091",±323,55,±43,61,±43,223,±129,779,±185,65,±54,75,±45,130,±76,142,±65,0,±23,"3,646",±770,13,±25,157,±73,123,±84,36,±54,0,±28,"3,089",±480,393,±142,705,±321,73,±62,192,±112,"5,753",±671,574,±138,"2,502",±416,129,±71,424,±307,"1,511",±303,127,±110,99,±57,11,±19,63,±56,"1,299",±329,173,±119,65,±44,600,±175,36,±40,23,±22,"1,502",±321,67,±93,174,±105,"1,570",±302,154,±81,223,±90,30,±43,159,±124,69,±101,0,±33,636,±224,0,±32,42,±62,149,±81,560,±221,0,±31,7,±14,"5,537",±652,454,±153,622,±270,242,±114,318,±149,528,±195,0,±29,9,±14,42,±49,"3,260",±598,81,±55,333,±135,43,±53,"5,222",±530,100,±60,502,±147,0,±30,66,±46,680,±203,64,±48,57,±42
        Foreign born:,"3,329,154","±14,010","487,676","±5,833","806,485","±8,216","59,940","±2,588","21,202","±1,437","10,207",±707,"1,968",±412,"1,281",±292,"8,355",±598,"40,593","±1,367","6,790",±881,"7,497",±723,"7,165",±479,464,±158,"1,245,936","±7,688","93,751","±2,772","357,966","±4,824","9,387",±953,"8,266",±956,"30,717","±1,139","2,729",±419,"4,734",±542,"25,421","±1,080","7,438",±699,"5,832",±623,"1,014",±338,"6,202",±546,"1,785",±447,"1,318",±360,"3,992",±434,781,±226,615,±231,"121,955","±2,321","31,273","±1,868","19,077","±1,503","2,330",±397,"1,835",±365,"64,916","±1,845","15,741","±1,424","9,506","±1,009","1,548",±427,"79,350","±2,318","11,493",±816,"1,197",±282,"3,375",±539,"126,303","±2,420","32,999","±1,632","21,084","±1,257","5,460",±739,"16,451",±896,"3,575",±630,"2,689",±492,"9,930",±676,994,±275,720,±226,"13,334",±823,"1,654",±309,"2,299",±439,"7,230",±590,"1,216",±268,"1,094",±220,"15,868",±894,"1,797",±384,"1,761",±398,"2,695",±352,"75,153","±1,696","17,848","±1,195","16,668","±1,120","2,556",±423,"65,973","±2,003","10,415",±858,"24,805","±1,255",940,±242,"44,414","±1,334","11,591",±917,"7,444",±665,"1,218",±267,"45,054","±1,228","3,852",±544,"3,627",±407,"5,115",±448,"18,270",±906,"2,729",±409,"3,291",±468,"1,315",±198,"4,935",±433,447,±151,"59,196","±1,635","3,008",±878,"10,509","±1,013","4,557",±425,693,±215,"1,198",±307,"152,553","±2,704","47,256","±1,829","33,683","±1,769","4,632",±642,"6,161",±628,"302,174","±4,789","63,772","±2,201","135,241","±2,759","8,373","±1,019","2,121",±449,"41,730","±1,387","9,161",±860,"6,315",±804,539,±157,784,±190,"36,375","±1,574","9,832",±994,"7,196",±805,"14,333",±604,"2,042",±371,"1,335",±269,"31,905","±1,251","1,845",±322,"6,206",±653,"70,010","±2,047","16,892","±1,033","14,748","±1,023","1,576",±438,"7,339",±572,831,±237,"1,321",±295,"13,791",±844,"2,957",±530,"1,756",±338,"1,283",±241,"18,783",±967,"3,434",±598,"2,007",±346,"213,539","±4,258","43,596","±2,115","34,039","±1,950","9,979","±1,230","1,173",±499,"10,032",±606,834,±223,"1,678",±316,"1,369",±238,"103,426","±1,871","14,736",±969,"14,185","±1,070","3,584",±566,"114,290","±2,642","8,042",±781,"23,450","±1,420",435,±170,"2,434",±311,"22,375",±819,"2,892",±433,"2,111",±382
            Naturalized U.S. citizen,"3,045,320","±14,243","452,624","±5,627","759,344","±8,103","55,742","±2,324","18,503","±1,293","9,096",±708,"1,842",±392,"1,215",±283,"7,209",±555,"36,979","±1,364","6,174",±842,"7,099",±728,"6,201",±428,422,±149,"1,149,170","±7,403","86,776","±2,568","341,068","±4,711","9,006",±911,"7,219",±892,"28,175","±1,056","2,508",±422,"4,372",±509,"23,163","±1,088","6,804",±634,"5,544",±615,791,±254,"5,839",±557,"1,688",±443,"1,312",±359,"3,687",±399,711,±208,573,±205,"112,108","±2,265","29,408","±1,772","17,675","±1,493","2,203",±372,"1,649",±339,"59,270","±1,731","14,890","±1,322","9,092",±982,"1,403",±402,"70,258","±2,181","10,977",±771,917,±211,"2,896",±485,"117,522","±2,442","31,187","±1,664","20,157","±1,188","5,221",±732,"14,893",±891,"3,421",±613,"2,538",±455,"8,847",±650,921,±265,700,±225,"12,042",±822,"1,493",±295,"2,248",±434,"6,345",±577,"1,055",±252,"1,011",±217,"13,555",±780,"1,730",±382,"1,466",±332,"2,359",±334,"70,108","±1,633","17,141","±1,144","15,755","±1,089","2,440",±421,"59,927","±1,799","9,616",±839,"23,657","±1,191",884,±244,"40,592","±1,314","10,825",±931,"7,103",±642,"1,173",±270,"40,528","±1,162","3,452",±549,"3,497",±401,"4,574",±446,"16,608",±868,"2,371",±381,"3,049",±454,"1,232",±191,"4,442",±407,424,±147,"54,032","±1,623","2,771",±856,"9,870",±934,"3,935",±393,693,±215,"1,010",±241,"142,078","±2,672","44,358","±1,810","32,406","±1,696","4,420",±630,"5,648",±617,"269,772","±4,401","57,877","±2,028","122,558","±2,740","7,314",±835,"1,761",±395,"37,269","±1,377","8,429",±828,"5,981",±784,517,±149,668,±180,"32,922","±1,587","9,027",±922,"6,550",±699,"12,731",±577,"1,808",±321,"1,132",±222,"29,275","±1,229","1,670",±283,"6,011",±640,"64,174","±2,019","15,841","±1,005","13,457","±1,015","1,499",±414,"6,237",±512,808,±237,"1,251",±272,"12,317",±754,"2,786",±507,"1,547",±311,"1,025",±194,"16,648",±989,"3,244",±620,"1,832",±324,"196,835","±3,820","40,659","±1,910","31,965","±1,973","9,259","±1,190","1,051",±493,"9,085",±623,772,±205,"1,618",±304,"1,255",±245,"95,900","±1,723","13,413",±838,"13,531","±1,041","3,344",±576,"103,443","±2,551","7,270",±757,"22,059","±1,342",415,±163,"2,290",±312,"19,719",±740,"2,671",±405,"1,984",±377
            Not a U.S. citizen,"283,834","±4,785","35,052","±1,764","47,141","±1,975","4,198",±611,"2,699",±408,"1,111",±238,126,±104,66,±65,"1,146",±274,"3,614",±678,616,±406,398,±166,964,±233,42,±48,"96,766","±2,651","6,975",±836,"16,898",±965,381,±181,"1,047",±225,"2,542",±311,221,±124,362,±155,"2,258",±348,634,±238,288,±108,223,±156,363,±136,97,±84,6,±10,305,±138,70,±68,42,±46,"9,847",±973,"1,865",±500,"1,402",±337,127,±99,186,±112,"5,646",±609,851,±333,414,±172,145,±127,"9,092",±744,516,±143,280,±170,479,±216,"8,781",±759,"1,812",±338,927,±217,239,±122,"1,558",±319,154,±93,151,±99,"1,083",±218,73,±57,20,±18,"1,292",±269,161,±86,51,±41,885,±230,161,±86,83,±55,"2,313",±569,67,±63,295,±206,336,±104,"5,045",±468,707,±198,913,±239,116,±72,"6,046",±652,799,±221,"1,148",±233,56,±55,"3,822",±503,766,±188,341,±122,45,±39,"4,526",±518,400,±172,130,±64,541,±191,"1,662",±273,358,±159,242,±123,83,±51,493,±195,23,±25,"5,164",±711,237,±148,639,±253,622,±221,0,±28,188,±120,"10,475",±860,"2,898",±440,"1,277",±285,212,±107,513,±173,"32,402","±1,789","5,895",±808,"12,683","±1,065","1,059",±382,360,±190,"4,461",±588,732,±307,334,±149,22,±34,116,±91,"3,453",±534,805,±292,646,±277,"1,602",±326,234,±120,203,±129,"2,630",±408,175,±128,195,±93,"5,836",±583,"1,051",±289,"1,291",±300,77,±98,"1,102",±286,23,±26,70,±71,"1,474",±345,171,±83,209,±109,258,±149,"2,135",±437,190,±136,175,±103,"16,704","±1,274","2,937",±560,"2,074",±445,720,±252,122,±77,947,±276,62,±69,60,±46,114,±56,"7,526",±673,"1,323",±341,654,±232,240,±130,"10,847",±987,772,±191,"1,391",±368,20,±32,144,±70,"2,656",±365,221,±93,127,±71