Country Name,Country Code,Series Name,Series Code,1960 [YR1960],1961 [YR1961],1962 [YR1962],1963 [YR1963],1964 [YR1964],1965 [YR1965],1966 [YR1966],1967 [YR1967],1968 [YR1968],1969 [YR1969],1970 [YR1970],1971 [YR1971],1972 [YR1972],1973 [YR1973],1974 [YR1974],1975 [YR1975],1976 [YR1976],1977 [YR1977],1978 [YR1978],1979 [YR1979],1980 [YR1980],1981 [YR1981],1982 [YR1982],1983 [YR1983],1984 [YR1984],1985 [YR1985],1986 [YR1986],1987 [YR1987],1988 [YR1988],1989 [YR1989],1990 [YR1990],1991 [YR1991],1992 [YR1992],1993 [YR1993],1994 [YR1994],1995 [YR1995],1996 [YR1996],1997 [YR1997],1998 [YR1998],1999 [YR1999],2000 [YR2000],2001 [YR2001],2002 [YR2002],2003 [YR2003],2004 [YR2004],2005 [YR2005],2006 [YR2006],2007 [YR2007],2008 [YR2008],2009 [YR2009],2010 [YR2010],2011 [YR2011],2012 [YR2012],2013 [YR2013],2014 [YR2014],2015 [YR2015],2016 [YR2016],2017 [YR2017],2018 [YR2018],2019 [YR2019],2020 [YR2020],2021 [YR2021],2022 [YR2022]
China,CHN,"Population, total",SP.POP.TOTL,667070000,660330000,665770000,682335000,698355000,715185000,735400000,754550000,774510000,796025000,818315000,841105000,862030000,881940000,900350000,916395000,930685000,943455000,956165000,969005000,981235000,993885000,1008630000,1023310000,1036825000,1051040000,1066790000,1084035000,1101630000,1118650000,1135185000,1150780000,1164970000,1178440000,1191835000,1204855000,1217550000,1230075000,1241935000,1252735000,1262645000,1271850000,1280400000,1288400000,1296075000,1303720000,1311020000,1317885000,1324655000,1331260000,1337705000,1345035000,1354190000,1363240000,1371860000,1379860000,1387790000,1396215000,1402760000,1407745000,1411100000,1412360000,1412175000
China,CHN,GDP per capita (current US$),NY.GDP.PCAP.CD,89.5202179159242,75.8055639067957,70.9091553472599,74.3133748233246,85.4982461036748,98.4864217470782,104.324189073855,96.58918279471,91.4723876555406,100.129541321549,113.16258249869,118.654148878636,131.885532177972,157.089148425884,160.147680664743,178.339576757627,165.404232489529,185.420499214387,156.396388520044,183.983152215978,194.804722186836,197.071474499102,203.334919503464,225.431928890812,250.713969046988,294.45884850496,281.928120911563,251.811956961329,283.537695240524,310.8819124049,317.884673040928,333.142145400184,366.460692306116,377.3898394789,473.489934719476,609.604362258828,709.415888233368,781.74259264729,828.594657681663,873.297610969115,959.360412054851,1053.11227201705,1148.51418772689,1288.63754323945,1508.66794598726,1753.41426293188,2099.21934229104,2693.95855454419,3468.32706307504,3832.2274278698,4550.47392427081,5614.38573851229,6300.58235236313,7020.38568208449,7636.07422276004,8016.44601585644,8094.39037512163,8817.04549566316,9905.4061175104,10143.8602060373,10408.7191247747,12617.5049863004,12720.2156397612
China,CHN,"Unemployment, total (% of total labor force) (national estimate)",SL.UEM.TOTL.NE.ZS,..,..,..,..,..,..,..,..,..,..,..,..,..,..,..,..,..,..,5.3,5.4,4.9,3.8,3.2,2.3,1.9,1.8,2,2,2,2.6,2.5,2.3,2.3,2.6,2.8,2.9,3,3.1,3.1,3.1,3.1,3.6,4,4.3,4.2,4.2,4.1,4,4.2,4.3,4.1,4.1,4.1,4.05,4.1,..,..,3.9,4.93,5.15,5.61,5.11,..
China,CHN,Urban population (% of total population),SP.URB.TOTL.IN.ZS,16.203,16.708,17.226,17.757,18.299,18.086,17.915,17.785,17.656,17.528,17.4,17.292,17.184,17.184,17.292,17.4,17.46,17.52,17.9,18.617,19.358,20.118,20.902,21.545,22.203,22.874,23.559,24.259,24.974,25.701,26.442,27.312,28.2,29.103,30.024,30.961,31.916,32.883,33.867,34.865,35.877,37.093,38.425,39.776,41.144,42.522,43.868,45.199,46.539,47.88,49.226,50.511,51.765,53.013,54.259,55.5,56.736,57.96,59.152,60.308,61.428,62.512,63.56
China,CHN,"Birth rate, crude (per 1,000 people)",SP.DYN.CBRT.IN,20.86,18.02,37.01,43.37,39.14,37.88,35.05,33.96,35.59,34.11,33.43,30.65,29.77,27.93,24.82,23.01,19.91,18.93,18.25,17.82,18.21,20.91,22.28,20.19,19.9,21.04,22.43,23.33,22.37,21.58,21.06,19.68,18.27,18.09,17.7,17.12,16.98,16.57,15.64,14.64,14.03,13.38,12.86,12.41,12.29,12.4,12.09,12.1,12.14,11.95,11.9,13.27,14.57,13.03,13.83,11.99,13.57,12.64,10.86,10.41,8.52,7.52,..
China,CHN,Gini index,SI.POV.GINI,..,..,..,..,..,..,..,..,..,..,..,..,..,..,..,..,..,..,..,..,..,..,..,..,..,..,..,..,..,..,32.2,..,..,33.9,..,..,35.2,..,..,38.7,..,..,42,..,..,40.9,..,..,43,..,43.7,42.4,42.2,39.7,39.2,38.6,38.5,39.1,38.5,38.2,..,..,..
United States,USA,"Population, total",SP.POP.TOTL,180671000,183691000,186538000,189242000,191889000,194303000,196560000,198712000,200706000,202677000,205052000,207661000,209896000,211909000,213854000,215973000,218035000,220239000,222585000,225055000,227225000,229466000,231664000,233792000,235825000,237924000,240133000,242289000,244499000,246819000,249623000,252981000,256514000,259919000,263126000,266278000,269394000,272657000,275854000,279040000,282162411,284968955,287625193,290107933,292805298,295516599,298379912,301231207,304093966,306771529,309327143,311583481,313877662,316059947,318386329,320738994,323071755,325122128,326838199,328329953,331511512,332031554,333287557
United States,USA,GDP per capita (current US$),NY.GDP.PCAP.CD,3007.12344537862,3066.56286916615,3243.84307754988,3374.51517105082,3573.94118474743,3827.52710972039,4146.31664631665,4336.42658722171,4695.92339043178,5032.14474262003,5234.2966662115,5609.38259952519,6094.01798986165,6726.35895596695,7225.69135952566,7801.45666356443,8592.25353727612,9452.57651914511,10564.9482220275,11674.1818666548,12574.7915062163,13976.10539252,14433.787727053,15543.8937174925,17121.2254849995,18236.8277265009,19071.2271949295,20038.9410992658,21417.0119305191,22857.1544330056,23888.6000088133,24342.2589048189,25418.9907763319,26387.2937338171,27694.853416234,28690.8757013347,29967.7127181749,31459.1389804773,32853.6769523009,34515.3902272076,36329.9560727102,37133.623113437,37997.7596573051,39490.2749557007,41724.6316287624,44123.4070679055,46302.0008800056,48050.2237771135,48570.0459804586,47194.9433547336,48650.6431283336,50065.9665041742,51784.4185738837,53291.1276891406,55123.8497869046,56762.7294515989,57866.7449341091,59907.754260885,62823.309438197,65120.3946628653,63528.6343027508,70219.472454115,76398.5917422054
United States,USA,"Unemployment, total (% of total labor force) (national estimate)",SL.UEM.TOTL.NE.ZS,5.5,6.7,5.5,5.7,5.2,4.5,3.8,3.8,3.6,3.5,4.9,5.9,5.6,4.9,5.6,8.5,7.7,7.1,6.1,5.8,7.1,7.6,9.7,9.6,7.5,7.2,7,6.2,5.5,5.3,5.6,6.8,7.5,6.9,6.12,5.65,5.45,5,4.51,4.22,3.99,4.73,5.78,5.99,5.53,5.08,4.62,4.62,5.78,9.25,9.63,8.95,8.07,7.37,6.17,5.28,4.87,4.36,3.9,3.67,8.05,5.35,3.65
United States,USA,Urban population (% of total population),SP.URB.TOTL.IN.ZS,69.996,70.377,70.757,71.134,71.508,71.879,72.247,72.612,72.974,73.333,73.602,73.613,73.623,73.633,73.643,73.653,73.663,73.673,73.682,73.692,73.738,73.89,74.042,74.194,74.344,74.494,74.644,74.793,74.942,75.089,75.3,75.701,76.097,76.488,76.875,77.257,77.636,78.008,78.377,78.742,79.057,79.234,79.409,79.583,79.757,79.928,80.099,80.269,80.438,80.606,80.772,80.944,81.119,81.299,81.483,81.671,81.862,82.058,82.256,82.459,82.664,82.873,83.084
United States,USA,"Birth rate, crude (per 1,000 people)",SP.DYN.CBRT.IN,23.7,23.3,22.4,21.7,21.1,19.4,18.4,17.8,17.6,17.9,18.4,17.2,15.6,14.8,14.8,14.6,14.6,15.1,15,15.6,15.9,15.8,15.9,15.6,15.6,15.8,15.6,15.7,16,16.4,16.7,16.2,15.8,15.4,15,14.6,14.4,14.2,14.3,14.2,14.4,14.1,14,14.1,14,14,14.3,14.3,14,13.5,13,12.7,12.6,12.4,12.5,12.4,12.2,11.8,11.6,11.4,10.9,11,..
United States,USA,Gini index,SI.POV.GINI,..,..,..,..,..,..,..,..,..,..,..,..,..,..,35.3,..,..,..,..,35.3,35.2,36.1,37.3,37.9,38,38.2,38.2,37.2,37.7,38.2,38.3,38,38.4,40.4,40,39.9,40.3,40.5,40,40,40.1,40.6,40.4,40.8,40.3,41,41.4,40.8,40.8,40.6,40,40.9,40.9,40.7,41.5,41.2,41.1,41.2,41.4,41.5,39.7,..,..
"Iran, Islamic Rep.",IRN,"Population, total",SP.POP.TOTL,21388806,21983622,22605050,23259094,23948624,24667026,25398700,26133341,26875302,27643685,28449705,29273682,30111574,30981898,31895534,32856976,33841060,34876497,35993661,37205013,38520664,40476251,42500030,44027986,45628402,47266160,48913237,50541490,52111868,53644736,55793629,57990883,59372016,59755430,59985749,60794809,61598378,62480533,63461421,64474745,65544383,66674851,67327117,67954699,69061674,70182594,71275760,72319418,73318394,74322685,75373855,76342971,77324451,78458928,79961672,81790841,83306231,84505076,85617562,86564202,87290193,87923432,88550570
"Iran, Islamic Rep.",IRN,GDP per capita (current US$),NY.GDP.PCAP.CD,196.323926903847,201.374873094768,207.633533736483,211.901117621304,224.641116847529,251.239039633033,267.334102334411,289.108984672286,320.858643794025,352.452634218368,385.812265632039,469.083558003546,569.663454428143,874.113595284197,1448.7637069233,1575.80607387262,2011.0272869926,2311.01542973089,2166.89034831665,2429.56177238612,2449.65340109462,2482.92048465463,2963.49805963631,3551.4946474781,3556.48502920437,3812.10636953974,4274.80524001059,2651.48486764377,2361.4171983608,2246.19174034655,2237.05226140112,..,..,1066.74193846504,1197.64214618036,1585.97793676223,1954.66075235684,1823.27451369781,1737.70003294612,1765.78364270151,1672.02287650211,1902.94763907225,1910.47713365953,2259.51631976812,2751.7930417505,3226.61397057427,3736.17779257835,4838.00355609278,5623.91168097394,5602.55628183187,6458.57395640309,8201.58167817586,8329.00206687522,6280.68186752661,5757.54333261849,4990.93679537694,5497.24323256491,5758.59072767048,3829.82985506938,3276.75326508099,2746.41948317956,4084.20030479458,4387.82571517872
"Iran, Islamic Rep.",IRN,"Unemployment, total (% of total labor force) (national estimate)",SL.UEM.TOTL.NE.ZS,..,..,..,..,..,..,..,..,..,..,..,..,..,..,..,..,..,..,..,..,..,..,..,..,..,..,14.2,..,..,..,..,11.1,..,..,..,..,9.1,..,..,..,..,..,12.8,..,10.3,11.81,11.52,10.77,10.63,12.11,13.68,12.49,12.27,10.6,10.68,11.17,12.62,12.23,12.19,10.74,9.69,9.28,..
"Iran, Islamic Rep.",IRN,Urban population (% of total population),SP.URB.TOTL.IN.ZS,33.735,34.389,35.051,35.718,36.391,37.068,37.752,38.557,39.437,40.321,41.212,42.11,43.014,43.92,44.832,45.747,46.666,47.47,48.21,48.951,49.693,50.434,51.175,51.916,52.657,53.395,54.133,54.717,55.257,55.794,56.33,56.865,57.653,58.519,59.38,60.236,61.087,61.853,62.588,63.318,64.042,64.758,65.468,66.172,66.869,67.558,68.239,68.864,69.458,70.045,70.626,71.2,71.755,72.295,72.83,73.358,73.88,74.394,74.898,75.391,75.874,76.345,76.807
"Iran, Islamic Rep.",IRN,"Birth rate, crude (per 1,000 people)",SP.DYN.CBRT.IN,49.046,47.959,47.354,46.611,45.916,45.481,45.123,44.939,44.506,44.164,43.24,42.365,41.134,40.635,40.632,40.796,41.815,42.262,43.061,44.21,44.357,44.063,44.393,43.871,43.119,41.792,40.046,37.926,35.961,34.106,32.46,30.928,28.549,26.089,22.778,20.448,18.593,17.338,16.802,16.56,16.39,16.276,16.069,15.958,16.068,16.199,16.489,16.897,17.264,17.548,17.755,18.164,18.926,19.445,19.824,19.428,19.017,18.608,17.231,15.118,14.231,13.699,..
"Iran, Islamic Rep.",IRN,Gini index,SI.POV.GINI,..,..,..,..,..,..,..,..,..,..,..,..,..,..,..,..,..,..,..,..,..,..,..,..,..,..,47.4,..,..,..,43.6,..,..,..,43,..,..,..,44.1,..,..,..,..,..,..,43.6,44.8,..,..,42.1,..,..,..,37.4,38.8,39.5,40,40.8,42,40.9,..,..,..
India,IND,"Population, total",SP.POP.TOTL,445954579,456351876,467024193,477933619,489059309,500114346,510992617,521987069,533431909,545314670,557501301,569999178,582837973,596107483,609721951,623524219,637451448,651685628,666267760,681248383,696828385,712869298,729169466,745826546,762895156,780242084,797878993,815716125,833729681,852012673,870452165,888941756,907574049,926351297,945261958,964279129,983281218,1002335230,1021434576,1040500054,1059633675,1078970907,1098313039,1117415123,1136264583,1154638713,1172373788,1189691809,1206734806,1223640160,1240613620,1257621191,1274487215,1291132063,1307246509,1322866505,1338636340,1354195680,1369003306,1383112050,1396387127,1407563842,1417173173
India,IND,GDP per capita (current US$),NY.GDP.PCAP.CD,83.0351017584916,85.9697041171847,90.2768688575718,101.315164901321,115.487608265464,119.082475942029,89.7575826115815,96.0463297617622,99.5168360366295,107.182143049037,111.968318080332,118.160535251032,122.612453445976,143.456124984427,163.231615579564,157.929385028241,161.137236080759,186.419095944098,206.073749258556,224.575437698719,267.390578652535,271.426155947875,275.26609786591,292.644658253572,278.095407433944,297.999256830726,312.059843944546,342.071923724964,355.738417959806,347.46203694908,368.749759408129,303.850437957407,317.558734692935,301.500786402084,346.227393126043,373.628233796392,399.577306551262,414.898683481559,412.509355760123,440.961454614021,442.034778917695,449.911124933268,468.84442830518,543.843798893951,624.105094371897,710.509344850714,802.01374204738,1022.73247550475,993.503412459599,1096.63613605864,1350.63445681517,1449.60330101065,1434.01797842656,1438.05699513067,1559.86377161811,1590.17432166504,1714.2795405846,1957.96981368095,1974.37773014516,2050.16378973235,1913.21972103493,2238.12713873311,2388.62119776762
India,IND,"Unemployment, total (% of total labor force) (national estimate)",SL.UEM.TOTL.NE.ZS,..,..,..,..,..,..,..,..,..,..,..,..,..,..,..,..,..,..,..,..,..,..,..,..,..,..,..,..,..,..,..,..,..,..,6.83,..,..,..,..,..,2.73,..,..,..,..,8.7,..,..,..,..,3.12,..,3.22,..,..,..,..,..,7.65,6.51,7.86,6.38,4.82
India,IND,Urban population (% of total population),SP.URB.TOTL.IN.ZS,17.924,18.032,18.218,18.405,18.595,18.785,18.977,19.171,19.366,19.562,19.76,19.991,20.321,20.653,20.991,21.332,21.677,22.026,22.379,22.736,23.098,23.417,23.647,23.879,24.113,24.348,24.585,24.823,25.063,25.305,25.547,25.778,25.984,26.191,26.399,26.607,26.817,27.028,27.24,27.453,27.667,27.918,28.244,28.572,28.903,29.235,29.569,29.906,30.246,30.587,30.93,31.276,31.634,32.003,32.384,32.777,33.182,33.6,34.03,34.472,34.926,35.393,35.872
India,IND,"Birth rate, crude (per 1,000 people)",SP.DYN.CBRT.IN,42.506,42.294,42.101,41.907,41.721,41.346,40.918,40.592,40.207,39.792,39.533,39.43,39.173,38.962,38.629,37.937,37.665,36.89,36.383,36.252,36.214,36.024,35.605,35.3,35.094,34.602,34.483,33.681,33.166,32.549,31.816,31.423,30.914,30.285,29.841,29.361,28.786,28.274,27.784,27.26,27.001,26.728,26.082,25.375,24.728,23.94,23.22,22.713,22.276,21.934,21.438,20.945,20.421,19.935,19.049,18.765,18.514,17.911,17.651,17.049,16.572,16.419,..
India,IND,Gini index,SI.POV.GINI,..,..,..,..,..,..,..,..,..,..,..,..,..,..,..,..,..,33.3,..,..,..,..,..,32.1,..,..,..,32.6,..,..,..,..,..,31.7,..,..,..,..,..,..,..,..,..,..,34.4,..,..,..,..,35.4,..,35.7,..,..,..,34.7,34.8,35.9,34.6,35.7,..,..,..
Dominican Republic,DOM,"Population, total",SP.POP.TOTL,3298021,3408415,3521164,3635798,3752313,3868712,3987090,4108916,4230877,4352954,4475871,4599841,4724801,4851183,4978582,5106453,5235318,5365074,5495443,5625864,5755800,5885244,6014979,6147213,6282104,6417798,6554325,6692720,6834207,6980033,7129004,7278402,7427340,7576074,7723934,7869753,8012314,8150076,8282126,8411374,8540791,8669040,8795101,8919852,9043127,9164768,9284168,9402206,9522948,9648061,9775755,9903737,10030882,10157051,10282115,10405832,10527592,10647244,10765531,10881882,10999664,11117873,11228821
Dominican Republic,DOM,GDP per capita (current US$),NY.GDP.PCAP.CD,203.879750917293,191.907440848606,234.041924772604,258.760222652634,273.324719979383,229.559605367368,246.771454870595,251.842578431878,255.053503091676,282.68159966772,331.890709093269,362.295131535824,420.631472097978,483.346021000527,587.65728905597,704.83366900649,754.77745648908,854.992867682179,861.513804207304,977.414314583289,1174.69335396666,1284.78955291595,1374.4686404171,1499.96429426158,1845.56002333467,786.029638047525,934.059244102951,870.655017401746,786.38242514065,957.960092729778,992.238964207372,1349.81323757726,1562.52204746248,1726.62547910699,1896.02011717605,2114.09059968729,2276.69837399209,2456.1059266301,2616.74548008741,2631.74358047799,2845.84660974677,2953.24792814874,3085.51786572269,2399.49812260147,2468.43681503623,3903.81518384433,4080.04571382126,4676.07911069651,5053.33029118417,5002.1532330508,5509.56805406696,5859.38154480292,6049.47161121834,6171.29506392047,6533.67096798065,6838.9367346602,7191.06971254766,7513.49795078555,7947.1593538657,8173.34464573914,7167.91493205787,8476.7496882797,10120.5511632969
Dominican Republic,DOM,"Unemployment, total (% of total labor force) (national estimate)",SL.UEM.TOTL.NE.ZS,..,..,..,..,..,..,..,..,..,..,..,..,..,..,..,..,..,..,..,..,..,..,..,..,..,..,..,..,..,..,..,..,..,..,..,..,..,..,..,..,6.43,7.26,6.78,6.94,6.3,6.59,5.65,5.16,4.76,5.47,5.21,6.09,6.72,7.35,6.72,7.61,7.28,5.83,5.86,6.18,6.13,7.7,..
Dominican Republic,DOM,Urban population (% of total population),SP.URB.TOTL.IN.ZS,30.191,31.112,32.074,33.052,34.046,35.052,36.073,37.106,38.153,39.207,40.274,41.351,42.437,43.527,44.626,45.729,46.838,47.948,49.061,50.175,51.29,52.401,53.05,53.323,53.596,53.868,54.14,54.412,54.684,54.955,55.226,55.497,55.767,56.037,56.752,57.598,58.441,59.276,60.107,60.933,61.753,62.565,63.371,64.605,66.003,67.37,68.71,70.02,71.3,72.542,73.753,74.827,75.802,76.749,77.67,78.566,79.436,80.277,81.074,81.828,82.54,83.213,83.848
Dominican Republic,DOM,"Birth rate, crude (per 1,000 people)",SP.DYN.CBRT.IN,52.229,51.39,50.461,49.47,48.465,47.437,46.69,45.407,43.983,42.919,42.061,41.184,40.359,39.613,38.501,37.549,36.867,36.111,35.414,34.876,34.258,33.65,33.183,33.087,32.615,31.971,31.624,31.326,31.288,31.29,30.887,30.37,29.802,29.25,28.607,27.778,27.026,26.079,25.219,25.006,24.842,24.317,23.868,23.425,22.972,22.485,21.865,21.705,21.947,22.132,22.038,21.792,21.454,21.166,20.867,20.596,20.258,19.993,19.762,19.291,18.78,18.432,..
Dominican Republic,DOM,Gini index,SI.POV.GINI,..,..,..,..,..,..,..,..,..,..,..,..,..,..,..,..,..,..,..,..,..,..,..,..,..,..,47.8,..,..,50.5,..,..,51.4,..,..,..,47.4,48.9,..,..,51.5,50,49.7,52.1,52.1,50,52,48.9,48.1,48.9,47.3,47.7,46.1,47.7,44.3,45.2,45.7,42.2,43.7,41.9,39.6,38.5,..
Mexico,MEX,"Population, total",SP.POP.TOTL,36268055,37439317,38683283,39982118,41333878,42737991,44180437,45656963,47170337,48714394,50289306,51897675,53543436,55228203,56945880,58691882,60452543,62262505,64123997,65972912,67705186,69233769,70656783,72080310,73489654,74872006,76224365,77553504,78892015,80233749,81720428,83351595,84993164,86648447,88314424,89969572,91586555,93183094,94767284,96334810,97873442,99394288,100917081,102429341,103945813,105442402,106886790,108302973,109684489,111049428,112532401,114150481,115755909,117290686,118755887,120149897,121519221,122839258,124013861,125085311,125998302,126705138,127504125
Mexico,MEX,GDP per capita (current US$),NY.GDP.PCAP.CD,359.54505933555,378.212027367914,392.934591017003,424.189633551679,485.800049536121,511.020744474395,550.4698827601,581.729449973271,622.425062823698,666.743385281976,706.313186435303,755.332487709069,844.172882275153,1000.94172298911,1264.36151351957,1499.35556675453,1470.19105533597,1315.59921375581,1600.76254864463,2039.16479496912,3036.35501173446,3810.31014227517,2612.68042038032,2166.57700637053,2506.89997121301,2607.66869501463,1765.26398503444,1902.46222449001,2302.02195363862,2759.47647966044,3196.91987187933,3756.85259707081,4272.78826577319,5778.90780858359,5976.49407452681,4002.15871829748,4487.26319003077,5370.24463838388,5555.71185686976,6230.69720074254,7232.91068093609,7613.14297753247,7650.93186425866,7120.37212084792,7525.4874609367,8321.85985639121,9125.3877388645,9719.9278639964,10119.8210567984,8104.92257319862,9399.96470859669,10341.5002378026,10376.0904951074,10865.6872912453,11076.1341141975,9753.40056232226,8875.08206876137,9434.37817948243,9857.00748742213,10145.1526279593,8654.99732516958,10045.676371041,11091.3054302538
Mexico,MEX,"Unemployment, total (% of total labor force) (national estimate)",SL.UEM.TOTL.NE.ZS,..,..,..,..,..,..,..,..,..,..,..,..,..,..,..,..,..,..,..,..,..,..,..,..,..,..,..,..,1.76,..,..,3.15,3.24,3.37,4.44,7.1,5.47,4.24,3.73,2.6,2.65,2.63,3,3.46,3.94,3.56,3.57,3.63,3.87,5.36,5.3,5.17,4.89,4.91,4.81,4.31,3.85,3.42,3.27,3.48,4.44,4.09,3.26
Mexico,MEX,Urban population (% of total population),SP.URB.TOTL.IN.ZS,50.753,51.59,52.428,53.265,54.1,54.931,55.761,56.587,57.411,58.229,59.021,59.779,60.532,61.279,62.022,62.759,63.491,64.215,64.934,65.646,66.339,66.87,67.396,67.919,68.437,68.95,69.459,69.963,70.462,70.956,71.419,71.816,72.209,72.598,72.985,73.368,73.67,73.929,74.186,74.441,74.722,75.045,75.365,75.682,75.997,76.308,76.616,76.92,77.222,77.52,77.815,78.111,78.405,78.699,78.993,79.285,79.577,79.867,80.156,80.444,80.731,81.016,81.3
Mexico,MEX,"Birth rate, crude (per 1,000 people)",SP.DYN.CBRT.IN,46.953,46.775,46.728,46.625,46.509,46.198,45.834,45.381,44.996,44.532,43.906,43.261,42.757,42.141,41.352,40.331,39.495,38.565,37.891,36.586,35.452,34.698,33.952,33.242,32.807,32.445,31.944,31.04,30.216,29.77,29.297,28.943,28.589,28.144,27.54,26.87,26.225,25.511,24.925,24.618,24.158,23.717,23.256,22.802,22.351,21.9,21.459,21.082,20.749,20.442,20.152,19.917,19.635,19.326,18.711,17.968,17.42,16.947,16.465,15.71,15.565,14.857,..
Mexico,MEX,Gini index,SI.POV.GINI,..,..,..,..,..,..,..,..,..,..,..,..,..,..,..,..,..,..,..,..,..,..,..,..,..,..,..,..,..,50.6,..,..,52.6,..,52.8,..,53.6,..,51.7,..,52.6,..,50.1,..,50,50.1,48.9,..,49.9,..,47.2,..,48.7,..,48.7,..,47.7,..,46.7,..,45.4,..,..
United Kingdom,GBR,"Population, total",SP.POP.TOTL,52400000,52800000,53250000,53650000,54000000,54348050,54648500,54943600,55211700,55441750,55663250,55896223,56086065,56194527,56229974,56225800,56211968,56193492,56196504,56246951,56314216,56333829,56313641,56332848,56422072,56550268,56681396,56802050,56928327,57076711,57247586,57424897,57580402,57718614,57865745,58019030,58166950,58316954,58487141,58682466,58892514,59119673,59370479,59647577,59987905,60401206,60846820,61322463,61806995,62276270,62766365,63258810,63700215,64128273,64602298,65116219,65611593,66058859,66460344,66836327,67081234,67026300,66971411
United Kingdom,GBR,GDP per capita (current US$),NY.GDP.PCAP.CD,1397.59486332505,1472.38577733235,1525.77591825763,1613.456953048,1748.28819272053,1873.56785484264,1986.74724404747,2058.78177130613,1951.7586660605,2100.66794412667,2347.73024638552,2649.6710136772,3030.50470787156,3426.5201120184,3666.23610799719,4299.35405654156,4138.09467507948,4681.66859281928,5976.88565110471,7805.07339638202,10032.1786752405,9598.50893771218,9145.32910911272,8691.19495396036,8179.12191594723,8651.70579259973,10611.1536882693,13118.0184230288,15988.0164870765,16240.0062474201,19096.2412009479,19900.1884913825,20488.0996654353,18390.2178183549,19708.4356396777,23203.6288991813,24441.9199130471,26779.7787867182,28296.760269205,28788.9692869593,28289.65268964,27888.6051075925,30078.6081337481,34480.941057112,40392.2648578651,42131.8270714745,44537.7123351892,50438.229599278,47432.8790970463,38820.0145894173,39693.1938701237,42150.6981408821,42485.5860695397,43449.0917173139,47447.5889322667,45071.0743234873,41146.0773555246,40622.6893883232,43306.3083049317,42747.080460496,40318.4169225055,46585.8975644567,45850.4261222629
United Kingdom,GBR,"Unemployment, total (% of total labor force) (national estimate)",SL.UEM.TOTL.NE.ZS,..,..,..,..,..,..,..,..,..,..,..,3.3,3.7,2.6,2.6,4,5.5,5.8,5.7,5.3,6.8,10.4,10.9,11.09,10.9,11.48,11.51,11.02,9,7.41,6.97,8.55,9.77,10.35,9.65,8.69,8.19,7.07,6.2,6.04,5.56,4.7,5.04,4.81,4.59,4.75,5.35,5.26,5.62,7.54,7.79,8.04,7.88,7.52,6.11,5.3,4.81,4.33,4,3.74,..,..,..
United Kingdom,GBR,Urban population (% of total population),SP.URB.TOTL.IN.ZS,78.444,78.374,78.237,78.099,77.96,77.821,77.682,77.541,77.4,77.259,77.117,77.03,77.195,77.358,77.521,77.683,77.844,78.005,78.164,78.323,78.481,78.588,78.539,78.489,78.44,78.39,78.34,78.29,78.24,78.19,78.14,78.112,78.172,78.232,78.293,78.353,78.413,78.472,78.532,78.591,78.651,78.751,79.047,79.339,79.629,79.915,80.199,80.479,80.757,81.031,81.302,81.57,81.837,82.102,82.365,82.626,82.886,83.143,83.398,83.652,83.903,84.152,84.398
United Kingdom,GBR,"Birth rate, crude (per 1,000 people)",SP.DYN.CBRT.IN,17.5,17.9,18.3,18.5,18.8,18.3,17.9,17.5,17.2,16.6,16.2,16.1,14.9,13.9,13.1,12.4,12,11.7,12.2,13.1,13.4,13,12.8,12.8,12.9,13.3,13.3,13.7,13.8,13.6,13.9,13.8,13.6,13.2,13,12.6,12.6,12.5,12.3,11.9,11.5,11.3,11.3,11.7,11.9,12,12.3,12.6,12.9,12.7,12.9,12.8,12.8,12.1,12,11.9,11.8,11.4,11,10.7,10.1,10.1,..
United Kingdom,GBR,Gini index,SI.POV.GINI,..,..,..,..,..,..,..,..,26.8,27.9,28,29.3,28.8,28.8,29,27.9,27.6,27.1,27.2,27.4,28.5,29.7,29.9,29.8,29.2,30.4,31.9,33.9,34.3,33.4,35.7,35,35,35.1,36,35.5,35.3,35.7,36.6,36.8,38.8,37.1,35.1,34.9,34.8,35.5,35.9,34.4,35.4,35.1,33.7,33.2,33.1,32.7,33.1,33.3,33.1,32.6,33.7,32.8,32.6,..,..
Pakistan,PAK,"Population, total",SP.POP.TOTL,45954226,47060915,48161841,49325050,50552592,51841626,53199414,54629793,56124743,57676805,59290872,60878781,62509565,64285624,66149169,68126999,70230923,72451105,74789330,77407341,80624057,84270202,87828198,91080372,94003867,97121552,100618523,104251093,107967838,111670386,115414069,119203569,122375179,125546615,129245139,133117476,137234810,141330267,145476106,149694462,154369924,159217727,163262807,166876680,170648620,174372098,178069984,181924521,185931955,190123222,194454498,198602738,202205861,205337562,208251628,210969298,213524840,216379655,219731479,223293280,227196741,231402117,235824862
Pakistan,PAK,GDP per capita (current US$),NY.GDP.PCAP.CD,81.5869472962009,87.5173724745356,89.4933355376524,93.883886249529,102.961207229136,114.372018643314,123.330470854894,136.638092510909,143.287946280962,150.547804055257,169.124000230778,175.198919999176,150.61721129504,99.2979315283758,134.532180127492,164.848095842385,187.496906570355,208.776120199417,238.155832543428,254.347760613349,293.3918897736,333.45839209696,349.841762254772,315.017265891048,331.388765820642,320.679810021232,317.02979833839,319.915391915237,356.335215384388,359.729262332785,346.668515520908,382.751431546522,399.465586113959,412.675398322459,404.606871849832,455.507973154417,461.400209497922,441.754917706501,427.506327495099,420.682609110642,531.306496052198,499.218306168163,489.425527180022,549.87037697581,631.471170778428,688.500587937743,770.843339358325,837.631537927295,914.731489303734,884.44101417044,911.089996122843,1075.45102015496,1109.67873521456,1126.04077606401,1173.39230924409,1282.44302583998,1468.82207690892,1567.64061969895,1620.7425960251,1437.1658337701,1322.31478270271,1505.01019279459,1596.66266149236
Pakistan,PAK,"Unemployment, total (% of total labor force) (national estimate)",SL.UEM.TOTL.NE.ZS,..,..,..,..,..,..,..,..,..,..,..,2.09,2.15,2,1.67,1.7,1.9,1.9,4.18,4.12,4.01,3.82,3.82,4.3,4.16,3.97,3.97,3.05,2.16,2.03,1.97,5.85,5.18,4.28,4.26,5.03,4.79,5.81,5.7,5.35,7.16,6.88,7.83,7.49,7.4,7.05,0.58,0.4,0.42,0.54,0.65,0.8,..,2.95,1.83,3.57,..,..,4.08,4.83,..,6.34,..
Pakistan,PAK,Urban population (% of total population),SP.URB.TOTL.IN.ZS,22.104,22.501,22.751,23.002,23.256,23.511,23.769,24.028,24.289,24.552,24.817,25.084,25.353,25.671,26.005,26.341,26.681,27.023,27.368,27.715,28.066,28.38,28.619,28.859,29.101,29.344,29.588,29.833,30.08,30.327,30.576,30.826,31.077,31.329,31.582,31.836,32.092,32.348,32.585,32.783,32.982,33.18,33.38,33.58,33.781,33.982,34.184,34.387,34.59,34.793,34.997,35.202,35.408,35.613,35.819,36.026,36.234,36.442,36.666,36.907,37.165,37.44,37.731
Pakistan,PAK,"Birth rate, crude (per 1,000 people)",SP.DYN.CBRT.IN,45.749,45.76,45.647,45.503,45.298,45.091,44.831,44.579,44.201,43.724,43.549,43.445,43.342,43.281,43.115,43.017,42.941,43.027,43.117,43.235,43.539,44.156,44.567,44.669,44.469,44.245,44.29,44.207,44.011,43.684,43.147,42.531,41.829,40.756,40.097,39.211,38.516,37.683,37.079,36.475,35.761,35.342,34.868,34.132,33.513,32.867,32.402,32.589,32.361,32.193,32.109,31.872,31.601,31.181,30.462,29.699,29.306,28.963,28.594,28.276,27.967,27.519,..
Pakistan,PAK,Gini index,SI.POV.GINI,..,..,..,..,..,..,..,..,..,..,..,..,..,..,..,..,..,..,..,..,..,..,..,..,..,..,..,33.3,..,..,33.2,..,..,..,..,..,28.7,..,33.1,..,..,28.7,..,..,30.9,31.3,..,29.7,..,..,28.8,29.7,..,29.5,..,31.3,..,..,29.6,..,..,..,..
Philippines,PHL,"Population, total",SP.POP.TOTL,28486871,29342411,30185979,31043711,31916622,32805538,33704749,34616857,35544973,36477170,37435586,38421746,39412479,40406234,41388324,42394433,43474370,44646518,45890739,47154232,48419546,49679330,50938522,52219685,53514959,54812660,56109838,57415175,58755923,60127343,61558898,63039751,64543525,66083321,67650283,69250468,70944969,72718837,74491918,76249064,77958223,79626086,81285572,82942837,84607501,86261250,87901835,89561377,91252326,92946951,94636700,96337913,98032317,99700107,101325201,103031365,104875266,106738501,108568836,110380804,112190977,113880328,115559009
Philippines,PHL,GDP per capita (current US$),NY.GDP.PCAP.CD,263.837059857294,278.477269278725,164.135595310797,177.331345228822,186.540911391653,198.666127426693,213.293915416686,223.153532667165,242.868358996023,262.405242661276,201.923258729261,217.977475492225,230.074742961664,282.442782812701,377.108349606834,398.053222833211,445.80414463942,499.100731805383,561.38175067721,662.046543274441,761.016620612616,815.216084311657,828.567646270902,723.083278460474,667.667239008484,637.835984877474,605.726338743069,658.2142903174,734.430279626645,806.850437025157,820.487180286668,821.45223439338,936.148576199207,938.762292374526,1081.43432065762,1222.29253128969,1334.10565630149,1294.11195754791,1000.00668971786,1123.16356191368,1073.26443619332,991.147982051369,1037.17479446569,1049.38648817817,1122.85552849997,1245.28659123518,1452.22141963138,1741.60350474062,1990.35614640542,1893.28162262767,2201.77681934472,2431.19996489492,2671.77753848888,2847.56795417743,2935.9285781194,2974.29692047629,3038.15204593606,3077.43443152814,3194.67270414955,3413.8490672059,3224.4228110466,3460.53940077621,3498.50981598253
Philippines,PHL,"Unemployment, total (% of total labor force) (national estimate)",SL.UEM.TOTL.NE.ZS,..,..,..,..,..,..,..,..,..,6.7,..,5.28,5.36,4.77,3.21,3.83,4.8,4.47,4,3.5,4.75,5.36,5.5,4.89,7.03,6.07,6.43,9.1,8.34,8.42,8.13,10.6,9.87,9.29,9.48,9.53,8.56,8.78,10.25,9.81,11.19,3.7,..,3.53,3.55,3.8,4.05,3.43,3.72,3.86,3.61,3.59,3.5,3.5,3.6,3.07,2.7,2.55,2.34,2.24,2.52,3.4,..
Philippines,PHL,Urban population (% of total population),SP.URB.TOTL.IN.ZS,30.297,30.555,30.816,31.077,31.34,31.604,31.869,32.135,32.403,32.672,32.979,33.493,34.012,34.533,35.059,35.56,35.917,36.275,36.635,36.997,37.456,38.394,39.343,40.3,41.266,42.235,43.212,44.195,45.183,46.172,46.986,46.901,46.815,46.73,46.645,46.56,46.475,46.39,46.305,46.22,46.135,46.05,45.965,45.88,45.795,45.71,45.625,45.54,45.455,45.371,45.332,45.522,45.712,45.903,46.093,46.284,46.475,46.682,46.907,47.149,47.408,47.684,47.977
Philippines,PHL,"Birth rate, crude (per 1,000 people)",SP.DYN.CBRT.IN,46.49,46.051,45.513,44.929,44.313,43.68,42.913,42.121,41.396,40.884,40.485,40.016,39.319,38.526,37.959,37.566,37.455,37.768,38.039,37.717,37.167,36.489,36.337,36.204,35.632,34.888,34.22,34.155,34.013,33.342,33.265,33.177,32.734,32.108,31.551,31.288,30.682,30.166,29.776,29.318,28.769,28.84,28.398,27.986,27.466,27.019,26.924,26.607,26.357,26.148,25.511,24.416,24.457,24.286,23.827,23.252,22.836,22.664,22.445,22.254,22.039,21.813,..
Philippines,PHL,Gini index,SI.POV.GINI,..,..,..,..,..,..,..,..,..,..,..,..,..,..,..,..,..,..,..,..,..,..,..,..,..,..,..,..,..,..,..,..,..,..,..,..,..,..,..,..,47.7,..,..,46.6,..,..,47.2,..,..,46.3,..,..,46.5,..,..,44.6,..,..,42.3,..,..,40.7,..
,,,,,,,,,,,,,,,,,,,,,,,,,,,,,,,,,,,,,,,,,,,,,,,,,,,,,,,,,,,,,,,,,,
,,,,,,,,,,,,,,,,,,,,,,,,,,,,,,,,,,,,,,,,,,,,,,,,,,,,,,,,,,,,,,,,,,
,,,,,,,,,,,,,,,,,,,,,,,,,,,,,,,,,,,,,,,,,,,,,,,,,,,,,,,,,,,,,,,,,,
Data from database: World Development Indicators,,,,,,,,,,,,,,,,,,,,,,,,,,,,,,,,,,,,,,,,,,,,,,,,,,,,,,,,,,,,,,,,,,
Last Updated: 06/29/2023,,,,,,,,,,,,,,,,,,,,,,,,,,,,,,,,,,,,,,,,,,,,,,,,,,,,,,,,,,,,,,,,,,
