Country,State,RMSE,MAPE%,MAE,MSE,CVRMSE%
"China, People's Republic",Alabama,53.935419624898195,14.021684552019863,45.65918713941246,2909.0294901138536,17.683744139310882
"China, People's Republic",Alaska,23.661458176124174,39.96019975142083,21.419120739630312,559.8646030204735,39.00240358701787
"China, People's Republic",Arizona,43.20136839734808,7.392589762632289,40.236534859568145,1866.3582314033854,7.732941837234144
"China, People's Republic",Arkansas,36.89064003556694,12.435613297857834,23.71292843957866,1360.9193222337742,23.5472170439789
"China, People's Republic",California,3319.5244258682624,13.229338962761059,2563.869499621658,11019242.413936017,15.071848650913802
"China, People's Republic",Colorado,164.51098268851254,29.33374439962754,146.87192369418582,27063.863425140076,28.91229924226934
"China, People's Republic",Connecticut,174.4881026452168,19.522715412190795,143.15203929570154,30446.097964727713,26.45095037572766
"China, People's Republic",Delaware,67.39668686989872,21.152778844081812,48.859653865052564,4542.313401039178,35.163488801686285
"China, People's Republic",District of Columbia,162.6429056593194,39.836415083597146,121.70024978102965,26452.714761306273,67.95664581865714
"China, People's Republic",Florida,191.18523849015867,7.6997706124612515,152.89609278119823,36551.795416538844,10.007951761829977
"China, People's Republic",Georgia,94.71212325675396,6.5890213714449235,82.68952384221173,8970.386291802553,7.562852535806811
"China, People's Republic",Hawaii,282.82908134914936,47.632470731961725,280.0864945369156,79992.28925680374,47.48109927517897
"China, People's Republic",Idaho,7.106321947768695,5.450417385128877,6.256359721090187,50.499811625339056,6.126139610145427
"China, People's Republic",Illinois,570.6739629942635,23.635282550514347,551.7131877349613,325668.77203957806,24.00479373223206
"China, People's Republic",Indiana,12.331625997830512,2.039096409537666,10.733876996102444,152.06899975036936,2.342930841893067
"China, People's Republic",Iowa,24.867434259287865,9.174666538079542,20.99779999497495,618.3892866400039,11.252232696510346
"China, People's Republic",Kansas,21.822604568726693,6.637990464757672,17.89650042581016,476.2260701630111,8.318654854660748
"China, People's Republic",Kentucky,80.30735122804033,16.951323375958598,57.26950754527214,6449.270661263832,27.66039651941688
"China, People's Republic",Louisiana,16.218028145624025,4.649588918802358,12.923408649313918,263.0244369322531,5.955212293374795
"China, People's Republic",Maine,23.338247531133025,19.14803321119146,19.323840275283093,544.6737978244367,25.552825764014266
"China, People's Republic",Maryland,185.62115471999329,10.212957967441397,167.06491260842986,34455.213079583686,11.594075872579218
"China, People's Republic",Massachusetts,215.26902434329028,5.967988297146173,171.41646715038465,46340.7528417121,7.809977905791158
"China, People's Republic",Michigan,240.60897170789812,16.431681281067252,181.9509527047677,57892.677266332124,24.09302119905522
"China, People's Republic",Minnesota,77.03879179754817,10.86229275789451,65.5535377208231,5934.975441625975,13.579105487229407
"China, People's Republic",Mississippi,22.785987909329044,14.282717898263627,21.368739709243567,519.2012450040894,15.465602653390754
"China, People's Republic",Missouri,43.71903974715348,7.892477551570394,38.49635183846063,1911.354436413186,9.301923350458187
"China, People's Republic",Montana,10.742461036916783,17.686590963898006,9.712799150555384,115.40046912967519,20.397077918196423
"China, People's Republic",Nebraska,49.99099955945157,41.143956965517184,47.46858423275817,2499.1000369530875,41.08849278859033
"China, People's Republic",Nevada,89.17172089825819,13.474318866698907,74.60610325124628,7951.595807956856,14.796192626923371
"China, People's Republic",New Hampshire,52.854145695713825,14.489174255199641,31.402859397753094,2793.5607172237446,32.896771179904874
"China, People's Republic",New Jersey,252.2644605069939,10.392839389399832,230.1416720309168,63637.358034884695,10.749905987513946
"China, People's Republic",New Mexico,34.72522995659414,21.04672551355531,28.705427802019695,1205.841595538343,27.05862074539803
"China, People's Republic",New York,7571.047454553708,40.94024952877031,6931.9803382502805,57320759.55910418,40.04856360627203
"China, People's Republic",North Carolina,169.30212355912505,15.353579657685179,159.60787723292444,28663.20904162925,16.784744569642275
"China, People's Republic",North Dakota,10.417539325194097,14.45997626882107,7.9535285344512445,108.52512559196548,20.426547696459014
"China, People's Republic",Ohio,189.05987187845886,10.971983268121255,132.72000115343144,35743.63515469928,17.46242658975913
"China, People's Republic",Oklahoma,20.97788468542897,8.9869351526841,20.250650176200168,440.0716458751553,9.068249864018284
"China, People's Republic",Oregon,98.74310379660338,9.707388251373281,76.42351040024046,9750.200547386788,13.325655033279807
"China, People's Republic",Pennsylvania,259.0458108349844,10.80140059741135,231.2419357436254,67104.73211115453,12.386634244580064
"China, People's Republic",Rhode Island,49.1204740719472,18.785033716704888,35.75974084863971,2412.820973052837,30.509611224811927
"China, People's Republic",South Carolina,48.45377137383982,13.083742071228247,40.532583376997074,2347.7679603483393,16.369517356026968
"China, People's Republic",South Dakota,8.632655502817833,16.15426634943489,8.180097960158811,74.52274103033103,17.38118557614329
"China, People's Republic",Tennessee,100.31956476313322,11.03057077725564,66.71809026573573,10064.015074264478,19.304598735689524
"China, People's Republic",Texas,662.7128756226176,15.84966089576886,615.5445186067712,439188.355515999,17.415369891974883
"China, People's Republic",Utah,25.510571416027158,10.072632471973847,24.666081456309843,650.7892539722219,10.190641045017507
"China, People's Republic",Vermont,9.423332232081712,22.592828634628116,7.533685850376571,88.7991903561901,23.36363363326044
"China, People's Republic",Virginia,78.20048029352269,5.390411066842315,64.87605535108476,6115.315118137631,6.292957105165452
"China, People's Republic",Washington,402.3063585351196,19.325321198770787,375.7276187459469,161850.4061177882,19.86371092174718
"China, People's Republic",West Virginia,20.311121872113684,15.477876864130904,14.469001347197041,412.54167170385495,24.972690826369284
"China, People's Republic",Wisconsin,96.89979595463035,12.663464075946537,70.09967351875531,9389.570456048996,19.762025007742423
"China, People's Republic",Wyoming,5.66181566639648,12.31769177295786,4.341681434756416,32.05615664025262,17.510770102257155
Dominican Republic,Alabama,17.772579221117375,152.84404790548015,16.339271988766402,315.86457217089304,77.27208357007555
Dominican Republic,Alaska,22.88714439298279,34.271005057068564,15.892369315397062,523.8213784652436,31.93555031578994
Dominican Republic,Arizona,22.915768216183075,68.05944370485868,17.9956474810205,525.1324329378264,53.29248422368157
Dominican Republic,Arkansas,7.085420776106819,2439884125053.384,6.884664200733098,50.20318757448615,75.91522260114448
Dominican Republic,California,80.19603146264929,53.15434215721822,73.48689943057484,6431.403462358235,44.30719970312115
Dominican Republic,Colorado,13.824181829195531,92.18994054051845,12.87508696746823,191.1080032466599,55.296727316782125
Dominican Republic,Connecticut,338.4241068625666,59.63674784052495,303.8877698276759,114530.87610572588,44.18069280190164
Dominican Republic,Delaware,15.476699583866418,31.19813102890867,13.48281907108891,239.52823000925096,27.969939006987506
Dominican Republic,District of Columbia,30.429970514611227,68.30812246254894,27.27721966233194,925.9831055201088,49.080597604211654
Dominican Republic,Florida,1152.2680301153814,35.859353715911375,1039.6372028909884,1327721.6132259816,34.512820390836104
Dominican Republic,Georgia,162.8154887337244,70.53042840896312,142.39454196749804,26508.88337160154,56.0788135707432
Dominican Republic,Hawaii,3.0562106843064063,1644172295318.3237,2.3067435486304793,9.340423746868632,114.60790066149025
Dominican Republic,Idaho,3.7353728085831044,47.941234024978215,3.6378176947752707,13.953010019102031,48.722254024997014
Dominican Republic,Illinois,54.95000858794493,52.77165834248068,54.464428262710946,3019.5034438152215,44.79620265321597
Dominican Republic,Indiana,40.0190324856097,102.88707271238806,35.6858899021752,1601.5229610842846,60.3301997270498
Dominican Republic,Iowa,3.979705696484936,36.64564569531577,3.813556363520227,15.838057430634649,33.164214137374465
Dominican Republic,Kansas,6.743185793860295,71.17529045807497,5.944546122167986,45.4705546505193,50.57389345395221
Dominican Republic,Kentucky,14.484120892851482,41.75944404025809,10.969698513445516,209.78975803873684,60.35050372021451
Dominican Republic,Louisiana,95.73360471742066,91.93111088403874,79.53796995369814,9164.923072191346,66.79088701215395
Dominican Republic,Maine,5.108573354482192,84.48420107387736,4.2204570320862596,26.09752171812543,61.3028802537863
Dominican Republic,Maryland,172.66898056623756,62.02758888690628,147.816435160218,29814.576849783723,46.41639262533268
Dominican Republic,Massachusetts,1363.4623180632957,40.177214801146135,1137.4411299666597,1859029.492778536,37.287027841293416
Dominican Republic,Michigan,38.39931142843765,22.61440647020123,30.131739272175697,1474.5071181781423,29.999462053466914
Dominican Republic,Minnesota,20.494969215406943,56.59439155690161,15.960778830179853,420.04376314047823,64.0467787981467
Dominican Republic,Mississippi,19.29806416444644,68.71865799890531,16.425903748863778,372.41528049509196,62.92847010145578
Dominican Republic,Missouri,16.774700608369947,96.88414976896972,14.560219749092234,281.39058050044713,59.909645029892665
Dominican Republic,Montana,0.008032548170543854,7561413033.088179,0.007561413033088178,6.45218301121074e-05,inf
Dominican Republic,Nebraska,5.371307427485979,61.847256617415205,4.592264145460614,28.85094348056604,51.98039445954172
Dominican Republic,Nevada,13.442632795402842,30.3970664632572,10.03263377707131,180.70437647204002,28.399928440991918
Dominican Republic,New Hampshire,93.18608358603177,122.72145115934214,85.01821941497647,8683.6461741029,58.24130224126986
Dominican Republic,New Jersey,2333.2813889624285,36.919759224773024,1965.4891037053792,5444202.040078439,35.116862323219216
Dominican Republic,New Mexico,5.805573571921655,2842669026224.7515,5.325017151502165,33.704684498995164,174.16720715764964
Dominican Republic,New York,5329.044320563101,23.702715459422574,4379.700314485029,28398713.370525837,25.311315287181063
Dominican Republic,North Carolina,177.2125525460349,124.9271564058729,152.6957361441234,31404.288779881186,61.10777674001204
Dominican Republic,North Dakota,3.4388359601376277,703011575056.3094,2.62963436116896,11.82559276073568,79.35775292625296
Dominican Republic,Ohio,78.54694654019032,60.96839366944258,70.58182853927863,6169.622810787517,43.96284321279309
Dominican Republic,Oklahoma,10.470859974320373,65.9705067791059,9.53176295993383,109.63890860182444,54.159620556829516
Dominican Republic,Oregon,7.681454808699344,95.17747999968108,7.636476796502127,59.00474797809028,67.7775424297001
Dominican Republic,Pennsylvania,1089.837521741569,62.38934621112876,912.1468186677071,1187745.8237958048,49.568110449131396
Dominican Republic,Rhode Island,316.24326960689734,33.45836731703011,283.3254725676716,100009.80557166075,31.66654902605781
Dominican Republic,South Carolina,38.7052395798635,111.65314507890633,34.178106904434685,1498.095570934632,63.79984546131347
Dominican Republic,South Dakota,2.825977793244908,2825966585207.1313,2.8259665852071314,7.986150487913359,inf
Dominican Republic,Tennessee,17.338322521177165,53.70360121918263,14.126440824560563,300.6174278483593,47.720153728010544
Dominican Republic,Texas,185.0404086039395,75.39750579270326,181.02793843956465,34239.95281631289,51.30510404915143
Dominican Republic,Utah,27.007359659521104,88.30970646045095,22.3404899326045,729.3974757787279,66.41154014636336
Dominican Republic,Vermont,3.1851957071494628,2541726024760.476,2.9310325178931174,10.145471692843365,191.11174242896774
Dominican Republic,Virginia,83.57739105611181,51.837301492261545,71.44864458636016,6985.180295746238,42.641526049036635
Dominican Republic,Washington,10.103028423019836,36.953258461681315,8.873152367003557,102.07118331634668,33.3066871088566
Dominican Republic,West Virginia,4.939458067671257,37.37828988242482,4.217310154070236,24.398246002282672,49.39458067671257
Dominican Republic,Wisconsin,15.850581305475615,28.948878662295186,14.134773886326885,251.24092772149302,27.808037378027393
Dominican Republic,Wyoming,0.0766196093779033,76263735236.0724,0.07626373523607242,0.005870564541222486,inf
India,Alabama,70.4861881717956,13.56879446372081,54.317033365867964,4968.302722989779,19.1538554814662
India,Alaska,3.805499234369734,18.714580303699314,3.079333793960776,14.481824422788632,23.78437021481084
India,Arizona,175.15287277197308,10.772652755654812,104.52736287887292,30678.528840274987,21.256416598540422
India,Arkansas,58.20435605520432,13.105651075936825,39.17582385703323,3387.747063801,23.005674330120286
India,California,1135.49334632142,6.788448379510485,948.973545040435,1289345.1395402162,7.7889105726860866
India,Colorado,109.04533400618232,26.094807445563735,108.81196803825418,11890.884868519863,23.983577860597283
India,Connecticut,384.58045079193886,21.962482532570384,312.4733558861148,147902.1231313309,30.425668575311622
India,Delaware,108.09634993569144,28.847283425609227,92.53325608618184,11684.820869419456,30.1104038818082
India,District of Columbia,7.816708113917931,14.06738214078572,7.506651019601904,61.10092573819042,13.95840734628202
India,Florida,1035.9171480130128,22.729626785322296,754.9352580688987,1073124.3375474142,37.59225165161532
India,Georgia,825.4567786577618,20.970573406036817,691.3787476032567,681378.8934320492,26.984530194761746
India,Hawaii,7.680489497247467,20.53252019927424,6.362826739097206,58.989918917328644,27.430319633026667
India,Idaho,21.772284618739917,29.804694020619078,19.62783850138948,474.0323775194188,35.49829013924986
India,Illinois,942.2635996264303,13.684001480034189,766.8518810044119,887860.6911809576,17.923979448857338
India,Indiana,147.70631097772755,16.701102679744995,134.4497568851391,21817.15430264916,19.174337210436292
India,Iowa,77.23478107447691,22.450498073145965,67.5560833001643,5965.211407622378,27.38822023917621
India,Kansas,99.97091898434566,20.153420858100915,81.6143217933261,9994.184642574603,27.339357972017954
India,Kentucky,136.83797807029546,23.888876931216906,105.55788793495937,18724.63224236666,35.237247571749904
India,Louisiana,66.7349637278293,16.659007435410523,48.302663272628536,4453.555383754692,26.412254773547218
India,Maine,47.040284880139374,41.80072290279115,38.42895928286075,2212.788401604669,61.35689332192092
India,Maryland,210.83200882732868,12.556929739515802,204.74745521509635,44450.135946166796,13.02772454133854
India,Massachusetts,790.4652805858808,20.282107040947658,579.8214772030318,624835.3598117152,32.63239083194774
India,Michigan,1160.8546655609184,24.464186690442542,764.8213528426362,1347583.5545545516,50.72187586196848
India,Minnesota,335.46662918693403,21.800044792341655,243.96220457815306,112537.85929804388,36.35837744078042
India,Mississippi,52.42075316324628,22.62751451828649,50.495216362703026,2747.9353622019953,23.791567245043694
India,Missouri,209.3888175089188,26.583595578143093,180.78776514930928,43843.676897783305,33.77238992079336
India,Montana,2.46602232371375,13.74303878913892,1.9558897005786609,6.081266101054564,17.204806909630815
India,Nebraska,53.18657165797064,36.34557345786768,50.85853938189226,2828.8114047284453,34.61165183815877
India,Nevada,29.73080779791081,11.701422621744221,28.961231934239805,883.9209323163142,12.085694226793011
India,New Hampshire,154.84177480471422,25.153181873857783,99.8453994895566,23975.97522467383,54.843603826935386
India,New Jersey,1082.0959862828736,11.595728292879082,1036.5486571697354,1170931.7235295048,12.332046645071497
India,New Mexico,32.46000216231161,15.821948861995608,22.02065402062405,1053.6517403772746,27.82285899626709
India,New York,1257.882271897848,16.19585977818741,990.795632037848,1582267.8099548917,22.371631584619067
India,North Carolina,564.5282963887887,30.894266993019208,533.2501187464738,318692.197423628,33.27278760641191
India,North Dakota,16.039238254111453,31.6737214551414,15.327913494393144,257.2571637721522,33.885714621362226
India,Ohio,472.67882091027167,20.797240593196165,401.46532037038804,223425.2677371247,26.530148975319268
India,Oklahoma,73.46772055931078,18.255824841719168,61.09909606258179,5397.505964180975,24.00905900631071
India,Oregon,87.94680686009679,12.326404649652511,64.48301330949363,7734.640836887166,18.698824987972387
India,Pennsylvania,591.3828793593564,14.721830397642568,461.7638108499162,349733.7099993631,20.61525259212258
India,Rhode Island,54.51500301679798,30.83195650086738,44.38773796046896,2971.8855539214933,43.380639005409535
India,South Carolina,126.21036170021036,24.706169925444566,115.75562223211523,15929.055400497926,27.922646393851846
India,South Dakota,5.01996578401413,15.86338464639843,4.253187623944108,25.200056472672596,19.81565441058209
India,Tennessee,167.3120896903064,16.497173201005886,135.88724337908982,27993.335356537136,21.899488179359476
India,Texas,1470.9063566606687,19.050564502732605,1356.5847218521033,2163565.510064762,21.302047163804037
India,Utah,4.246148968711103,2.6420649116161017,4.044843205190536,18.029781064486368,2.793519058362568
India,Vermont,17.547582284699654,24.733759987497294,13.526880863949904,307.9176440383051,34.407024087646384
India,Virginia,588.9698360925885,20.33479706365432,409.65930433411495,346885.4678269305,23.057673343047963
India,Washington,252.56835912271953,8.82828547426817,187.90752331875282,63790.77602994302,12.835932193260351
India,West Virginia,47.37653907519735,32.48328925511745,35.27200058301017,2244.5364547437016,53.23206637662623
India,Wisconsin,151.32799016358942,18.263243861772292,129.33783452680214,22900.160606951413,21.77381153432941
India,Wyoming,11.36877479433422,5532507847105.812,10.225743590051954,129.2490403242891,179.5069704368561
Iran,Alabama,9.832959657418849,25.418908640674235,8.107828446689323,96.68709562442659,25.43006807953151
Iran,Alaska,3.3852868688073,32.056304151330814,2.4337798643724944,11.460167184119134,56.421447813455
Iran,Arizona,45.96576056275714,13.664905163533591,34.442692813276516,2112.85114411272,20.249233728086846
Iran,Arkansas,6.224812611336017,40.764550102393144,5.634399212709796,38.74829204624793,36.61654477256481
Iran,California,845.8736580083339,11.948548278982356,690.0974503249414,715502.2453123998,13.45861031039513
Iran,Colorado,37.98633512762193,33.35536421950477,32.68901325336583,1442.9616564280034,34.84984874093755
Iran,Connecticut,15.883601759211365,17.317872811441028,14.040639219978646,252.28880484522233,20.363591998988927
Iran,Delaware,6.5446989835255405,33.548712067564,5.596738283330957,42.83308478496024,42.68281945777526
Iran,District of Columbia,12.930389016835948,51.76597478089273,12.33977139973875,167.1949601267117,42.164312011421565
Iran,Florida,6.522591024552307,1.3786248496709463,4.882269897867275,42.54419367357032,1.8689372563187125
Iran,Georgia,47.06654031482907,12.075446958269172,42.95666590378437,2215.25921720743,13.682133812450312
Iran,Hawaii,4.388366220637217,2338160617976.9907,3.4224596356024066,19.257758086429774,77.44175683477442
Iran,Idaho,13.044205706644133,45.50894294526459,11.172657219226414,170.1513025172474,41.63044374460894
Iran,Illinois,44.28658384542152,11.708587859714044,32.729862878280436,1961.3015086975504,15.149344530930964
Iran,Indiana,23.469590815343114,59.653896693816556,19.222622267499684,550.8216930396378,45.13382849104445
Iran,Iowa,10.377409631833997,97.66622925691246,8.816801440882069,107.690630666881,74.12435451309997
Iran,Kansas,12.776635272597684,24.089997584772217,10.28179648292241,163.24240888898728,25.724769005230236
Iran,Kentucky,9.127541306185925,13.84745703981524,8.298899201532167,83.31201029613025,15.6472136677473
Iran,Louisiana,17.56218898592451,30.08318858220805,15.907266406432692,308.43048197732816,35.12437797184902
Iran,Maine,17.73038544158736,60.7231723548447,12.346907445333398,314.366567907253,93.31781811361768
Iran,Maryland,69.09442085860157,13.119892855633822,59.03235537194691,4774.038993785555,15.538475455457624
Iran,Massachusetts,65.36037619962256,27.358651114084314,55.823175233095924,4271.978776956187,28.70880360159117
Iran,Michigan,29.21687807523967,22.09605172791648,22.554978639962144,853.6259644634206,24.41521844727549
Iran,Minnesota,10.509511866474368,13.559354420999407,10.34757360027522,110.44983967156554,13.828305087466273
Iran,Mississippi,4.491313761392528,35.207989203652446,4.444676551898275,20.171899303273893,32.863271424823374
Iran,Missouri,32.011351808516324,31.67617372277957,26.064076697645223,1024.7266446086012,39.19757364308121
Iran,Montana,1.2187842762783694,1217516655192.5752,1.2175166551925753,1.4854351121033886,inf
Iran,Nebraska,7.555214386008798,24.249521064072212,5.973481504280389,57.0812644185543,33.331828173568226
Iran,Nevada,32.739210412078315,17.614922710288937,26.794061679253886,1071.855898406337,23.553388785667853
Iran,New Hampshire,8.672652983929428,65.56200448603093,8.288709798191086,75.21490977966,50.0345364457467
Iran,New Jersey,11.68798794572594,5.092322895409335,8.409166420443663,136.6090622194349,6.743069968688042
Iran,New Mexico,6.568962161396647,33.202115933322666,6.261097986964114,43.15126387786091,30.79201013154679
Iran,New York,115.51277338711525,20.289494674875463,96.54087868739408,13343.200815583039,24.877122768222954
Iran,North Carolina,29.47069543714987,19.643099991443442,27.09473019713496,868.5218895492462,21.7228713295945
Iran,North Dakota,3.007588447716327,39.85643714116606,2.8851821512755134,9.045588270836705,41.012569741586276
Iran,Ohio,24.55133237992455,19.69356023705964,24.32018952836479,602.7679216295315,19.130908347993152
Iran,Oklahoma,11.034417161431497,12.166334712002724,10.39140308678816,121.75836209249394,12.170313045696503
Iran,Oregon,9.84474829563675,7.342244386289972,8.633432769221253,96.91906900444268,8.635744118979606
Iran,Pennsylvania,9.52068563115051,6.302047725120554,9.013629495707855,90.64345488719577,6.752259312872702
Iran,Rhode Island,2.5878673013780653,22.41497178946533,2.455501182564984,6.69705716954179,22.181719726097704
Iran,South Carolina,6.502533612494272,17.045403814374758,6.048098015734438,42.282943381617805,18.939418288818267
Iran,South Dakota,2.722780719723125,647594302283.2429,2.4509521527144424,7.413534847695978,90.75935732410416
Iran,Tennessee,52.563770951769385,63.45098869590805,49.58836232391959,2762.950016670075,48.82083989328426
Iran,Texas,201.04851973720292,16.100549312313316,187.13646729180041,40420.50728852048,16.48389065896717
Iran,Utah,37.75335585927735,37.065631228209845,36.24184544357162,1425.3158786372312,37.37956025671025
Iran,Vermont,2.2015564572370723,1506243509452.0146,2.1183735055758404,4.846850834402249,165.11673429278042
Iran,Virginia,15.523082275182128,2.3837083357341338,12.895478202771832,240.96608332207356,2.8275195401060342
Iran,Washington,21.76360112226687,6.221124064331729,20.735619995170207,473.6543338091357,6.438935243274221
Iran,West Virginia,4.62093721665269,15.35197836646634,3.3989790052204967,21.35306076024591,23.49629093213232
Iran,Wisconsin,5.2281998970674755,7.67749851926821,3.989459243228602,27.33407416369636,10.66979570830097
Iran,Wyoming,2.823195439699333,2275226803004.1655,2.5280341210455024,7.9704324907391095,211.73965797744998
Mexico,Alabama,154.73677356105927,19.01235641550857,117.69124823285108,23943.46909208653,27.40320665189952
Mexico,Alaska,16.109822752235534,14.154646189778564,13.90727819092846,259.52638910844564,17.260524377395214
Mexico,Arizona,1158.8734833807143,12.85973812952429,1062.6849550543945,1342987.7504829506,13.568887870354162
Mexico,Arkansas,144.50574844862652,14.010072865422806,120.67702222654566,20881.91133469773,15.741366933401583
Mexico,California,7492.867871783061,13.273760882523703,7070.586473819935,56143068.94399882,13.371604760866104
Mexico,Colorado,701.9024033068256,21.73686426372763,701.6554068637064,492666.9837678976,20.931483200004738
Mexico,Connecticut,38.459533210371184,9.900898456037098,32.67551772628574,1479.1356947596441,12.248258984194644
Mexico,Delaware,93.03781987988951,24.7384567088892,71.71863969862794,8656.035928002764,36.919769793606946
Mexico,District of Columbia,12.248513181139701,21.922632129741658,8.884203309783503,150.02607514855302,23.110402228565473
Mexico,Florida,428.2931527863848,9.242897336777595,389.23666947088776,183435.02472370153,10.52058837598587
Mexico,Georgia,726.7103699024048,20.87477823157869,647.333333315532,528107.9617236899,22.735750440162832
Mexico,Hawaii,30.212290822460645,46.566977229776604,29.740218965098332,912.7825167409397,42.353678723075674
Mexico,Idaho,152.5898987754243,16.21748748375495,121.76465308624442,23283.677208294237,18.115144294668497
Mexico,Illinois,1591.6630176927474,18.88679875250238,1550.509710609822,2533391.1618907833,17.90128609536718
Mexico,Indiana,375.0468515909228,21.053671902727608,294.26906680229513,140660.14088826368,28.77597326784574
Mexico,Iowa,183.01471051957455,22.84871438051619,160.0545345536677,33494.38426656367,23.94435811420513
Mexico,Kansas,306.9433730768591,22.076480826132784,243.6175795103487,94214.2342757999,23.177199074517425
Mexico,Kentucky,97.69066024408306,23.97094976938293,89.93659216793948,9543.465098924871,25.09177917228161
Mexico,Louisiana,134.14261957893618,37.85180097333505,110.89228973346725,17994.24238749919,35.64462876322485
Mexico,Maine,4.54195971392868,21.956408847943717,3.696429587446564,20.629398042951095,26.203613734203923
Mexico,Maryland,96.11767899547385,17.94049756046067,88.01977164992,9238.608215476956,19.210728646663664
Mexico,Massachusetts,47.893521158455115,12.592899302250984,37.912406988920566,2293.7893689553875,17.248567043861385
Mexico,Michigan,172.5716783228596,13.760085540570039,157.00647230809363,29780.98415916853,14.321301105631504
Mexico,Minnesota,259.50995204364256,24.00606291086723,224.65094728291297,67345.41520969365,25.98564272800159
Mexico,Mississippi,47.615755079392244,13.757668275125178,41.90910892076806,2267.260131780668,16.457058207163218
Mexico,Missouri,74.31759634004995,10.736080083114254,68.02359257978314,5523.105125762606,11.852886178636354
Mexico,Montana,16.675039719818706,49.254749065319324,16.553721965423538,278.05694965753156,45.067674918428935
Mexico,Nebraska,309.52446370122937,41.36199595335573,267.6838276310302,95805.39362953366,37.23229314770201
Mexico,Nevada,399.8118797574955,14.801943899468418,336.0524483687771,159849.53919522205,16.396932867703164
Mexico,New Hampshire,5.128568789069479,8.339476225910476,4.910689161683031,26.30221782421758,8.842359981154274
Mexico,New Jersey,155.8678854600323,10.350723278727186,121.21432370187229,24294.79771778175,14.033723180675178
Mexico,New Mexico,243.70974797327176,11.254457859715176,232.63871714194207,59394.44125719564,11.979833588723828
Mexico,New York,276.8141649801935,10.475524904326338,237.23117746652224,76626.08193368178,12.185509830382694
Mexico,North Carolina,575.2254104636777,23.208527434105065,553.5850414408281,330884.2728431065,23.888098441182628
Mexico,North Dakota,17.239709510404673,105.4881078474186,16.18450466719702,297.20758400313736,63.07210796489515
Mexico,Ohio,80.48425718240799,12.730848834418437,76.91027839325245,6477.715654203992,12.641506363729004
Mexico,Oklahoma,182.31093479954896,12.304502501605977,173.32271805013647,33237.27694748539,13.06888421502143
Mexico,Oregon,469.5549351743159,17.217584788119154,377.7453598623829,220481.837146556,23.879722080402573
Mexico,Pennsylvania,219.99180360987572,16.778381888919732,177.3067072700605,48396.39365552613,22.687363727384916
Mexico,Rhode Island,12.715186883349123,19.744905065656784,12.528031657003794,161.67597747849356,19.97149772253789
Mexico,South Carolina,130.27610282644085,19.833100156271225,113.99015794275874,16971.86296764539,22.269419286571086
Mexico,South Dakota,19.64708879990088,50.108303335804486,19.41953897626699,386.0080983111906,43.022822189563975
Mexico,Tennessee,126.88292502470576,9.844367795550323,102.35527706739951,16099.276662825103,11.708667335408098
Mexico,Texas,2954.0903554970523,7.275105390151985,2552.28883389791,8726649.828440702,8.055438360321368
Mexico,Utah,487.6181952098329,34.2450769970887,425.40690992877944,237771.50429969467,32.55852627708655
Mexico,Vermont,8.021576720529362,1283444500728.731,7.482696084998399,64.34569308333859,92.5566544676465
Mexico,Virginia,102.2885832248993,10.21664868608315,81.33038705854706,10462.95425815715,12.067076275056937
Mexico,Washington,616.9948761797901,15.158635294343679,475.2723693756966,380682.6772321146,20.91271752953757
Mexico,West Virginia,8.4164663178589,15.68271253074889,6.528849494641861,70.83690527965334,22.148595573312893
Mexico,Wisconsin,201.04360579605566,16.530033518223494,197.77888341438765,40418.53143147982,16.54226048788171
Mexico,Wyoming,26.988905041084294,27.31494828792253,25.41296320337611,728.4009953166652,26.202820428237178
Pakistan,Alabama,14.898911499300919,17.544943605288662,13.926281374824955,221.97756386400116,19.18314785317715
Pakistan,Alaska,6.673380404625131,3293445688575.88,6.069330946412315,44.534006024834675,182.00128376250356
Pakistan,Arizona,26.450416895799908,28.506528370739627,25.684580516120807,699.6245539616172,26.71759282404031
Pakistan,Arkansas,27.818751641421407,116.80415323364512,26.76353378833797,773.8829428870863,100.54970472802918
Pakistan,California,340.5816019355996,14.72330782075701,315.345572859632,115995.82757701923,15.366894357148425
Pakistan,Colorado,16.70628409260436,17.825812379653062,13.002481178504112,279.0999281828055,25.83445993701705
Pakistan,Connecticut,39.21620602884207,12.846393654720423,37.28647318086782,1537.9108152965891,13.115787969512398
Pakistan,Delaware,12.614979177467825,20.458167182802363,10.10678400869137,159.1376996479468,23.07618142219724
Pakistan,District of Columbia,4.96151026601246,34.091681432121625,4.175475640858554,24.616584119747028,33.828479086448596
Pakistan,Florida,45.62214316619987,6.539143924742476,37.942524062336624,2081.3799470772374,8.141964872016633
Pakistan,Georgia,124.16737414716465,20.07835066098215,113.98741016472597,15417.536802601973,23.00816074376121
Pakistan,Hawaii,6.414004927873435,169.04033700022575,6.298998985069299,41.139459214784715,160.35012319683588
Pakistan,Idaho,7.917576538842152,150.04874907343836,7.792058474760114,62.688018248423674,139.72193892074384
Pakistan,Illinois,120.95274088290294,9.789616553947479,116.6884880506653,14629.565527086661,9.887145031299967
Pakistan,Indiana,15.821892215748841,12.767538426902725,15.48150389879226,250.33227328677378,13.112065372167548
Pakistan,Iowa,7.357305066210055,14.251638438776714,7.260027812355048,54.129937837280146,14.520996841204056
Pakistan,Kansas,6.6023453662687634,7.390958616733462,5.065661711033097,43.59096433549062,9.044308720916113
Pakistan,Kentucky,28.605186768670947,21.56997540528843,18.95194050576211,818.2567100705473,36.51725970468632
Pakistan,Louisiana,13.278232792466676,7.1415402694695,8.396630904702539,176.3114660909374,12.68620967433122
Pakistan,Maine,5.0590648105088425,105.2331013227559,4.880105812351176,25.594136756928872,65.98780187620228
Pakistan,Maryland,168.26957242230128,27.0579448253846,158.1757276894631,28314.6490031841,24.211449269395867
Pakistan,Massachusetts,67.29881338843161,19.940530189563034,50.24168056725413,4529.130283490941,21.61632121684099
Pakistan,Michigan,22.00360900651042,4.3768958912149065,18.596215158457994,484.1588093113864,5.1895304260637785
Pakistan,Minnesota,25.309052020742392,20.3147073442151,21.434912248267015,640.5481141886445,22.071847692507898
Pakistan,Mississippi,5.790188923565703,17.8957024973585,4.613252556110812,33.526287770582954,24.125787181523762
Pakistan,Missouri,12.585349128514924,8.348500537261534,11.54811718240895,158.39101268661136,8.800943446513934
Pakistan,Montana,0.5364521967442311,492326392107.5821,0.49232639210758206,0.28778095939171117,inf
Pakistan,Nebraska,9.174718191378515,33.343212096732586,7.1162669506873995,84.17545389121186,45.12156487563204
Pakistan,Nevada,15.79498213401678,21.977830144655545,12.775523651044793,249.48146061390932,24.29997251387197
Pakistan,New Hampshire,11.795311738989021,20.192969369682938,9.403019301325012,139.1293790199322,27.862941115722094
Pakistan,New Jersey,219.5674678523461,16.98773752477855,199.86879499982138,48209.87293909104,17.194006879588574
Pakistan,New Mexico,6.436005119835965,32.72639049451204,5.564139358188046,41.42216190255475,32.72544976187778
Pakistan,New York,656.0635791406888,18.287533397956388,572.3858477228224,430419.41987489094,18.257799048442173
Pakistan,North Carolina,88.68449081046771,31.83490714451142,86.84519878524982,7864.938910311931,28.15380660649768
Pakistan,North Dakota,7.343541971193259,1871624208407.1423,6.335165277499489,53.92760868267698,88.1225036543191
Pakistan,Ohio,43.88573038196488,18.778508673344927,35.922399096186915,1925.9573311585154,20.66831886120795
Pakistan,Oklahoma,21.89037806619076,16.45132749414351,19.210070603174817,479.1886518807656,20.021687255662282
Pakistan,Oregon,14.316416270106874,29.858757241312123,12.276118942586633,204.9597748189808,37.674779658175986
Pakistan,Pennsylvania,67.77160709080466,14.253026534318499,67.2817448828297,4592.990727670405,13.897116970089815
Pakistan,Rhode Island,6.287194680469473,11.127710939452669,4.855161123232743,39.52881695012364,15.850070623032286
Pakistan,South Carolina,17.113536050310604,30.804025083560838,14.210092963150048,292.8731161452807,38.03008011180134
Pakistan,South Dakota,3.9353799838767496,2033546051385.4758,3.4657712926814668,15.487215617497768,107.32854501482045
Pakistan,Tennessee,22.051511305888823,24.29369680538321,19.36240663688221,486.26915087374255,24.592763538165975
Pakistan,Texas,263.2158846852237,10.453085241673762,248.29734566597244,69282.601950625,11.210216553885168
Pakistan,Utah,18.06163029785011,26.3471437296266,14.579156192883149,326.22248901621714,31.50284354276182
Pakistan,Vermont,7.907300321018557,3651186906199.395,7.526902117147649,62.525398366780166,263.57667736728524
Pakistan,Virginia,220.32505494213848,18.630864574550323,185.72721612532928,48543.12983525634,19.463344076160645
Pakistan,Washington,55.56968555247956,26.21903805002547,51.43147219908238,3087.989952401456,24.408353829786044
Pakistan,West Virginia,3.2269838649902987,8.954801041961753,1.9878315039588053,10.413424864907727,13.445766104126244
Pakistan,Wisconsin,21.954651685873714,19.913747527245786,21.600305770927076,482.0067306480375,20.26583232542189
Pakistan,Wyoming,3.510079638353071,466425497252.76135,3.0974172999585563,12.320659067580825,95.72944468235649
Philippines,Alabama,50.35641719557909,27.182775468556187,43.195808926381225,2535.7687527752137,27.36761804107559
Philippines,Alaska,107.40561183164243,19.414160303390634,102.97089441794431,11535.965452929448,19.88992811697082
Philippines,Arizona,136.17205618996366,16.809416669689924,119.69887193176862,18542.82888700262,17.39847395953539
Philippines,Arkansas,25.880982943346158,14.793033138428743,22.13109428744848,669.8252781137747,15.622323708257237
Philippines,California,3167.013523163221,14.959102938683614,3085.217562035776,10029974.65589872,15.546931158348054
Philippines,Colorado,64.62885864362958,21.865028129096174,60.14778123822938,4176.8893695782535,21.49518580165064
Philippines,Connecticut,40.07131083575774,12.493063946934402,38.774403729863046,1605.7099520959157,12.843368857614662
Philippines,Delaware,23.79361734454151,25.787497145284615,20.481093753092452,566.1362263384665,26.146832246748914
Philippines,District of Columbia,18.44917668786749,25.589786629866058,18.0124459774526,340.3721204601532,25.743037238884863
Philippines,Florida,285.1793460166256,10.39632411638226,274.72510667366015,81327.25939447025,10.992394167414579
Philippines,Georgia,77.96297558005728,12.279876517162784,74.62179209550186,6078.225561296607,12.99382926334288
Philippines,Hawaii,383.2495482066371,9.864028177039426,322.3316447954956,146880.21620059144,11.343218672256427
Philippines,Idaho,23.639780009009108,26.846600744766995,23.05337742610027,558.8391988743467,25.328335723938334
Philippines,Illinois,404.09643065735924,13.236372683743515,343.4726857078881,163293.92527001793,16.702800936512503
Philippines,Indiana,32.09687998562415,5.5968845119908215,23.10273523869485,1030.2097048115602,8.24406164014319
Philippines,Iowa,9.368892647222708,5.830314673630455,8.1001954240483,87.77614943518371,6.551673179876019
Philippines,Kansas,44.715509191241146,23.878058129270432,35.81959564080416,1999.4767622319716,25.406539313205194
Philippines,Kentucky,28.12663814609486,13.39650027914744,27.401074518429066,791.1077734013584,13.92407829014597
Philippines,Louisiana,114.65101340773107,35.774800417873976,91.52365105381817,13144.85487541973,42.72708574201158
Philippines,Maine,28.576612594081183,41.88577000779464,24.477162086964338,816.6227873521993,40.630254873101215
Philippines,Maryland,141.36174325601257,11.596630090585936,117.61802843002663,19983.142456378817,13.240250695224404
Philippines,Massachusetts,62.94836877688071,18.76698875824579,60.13510388228315,3962.4971316701703,18.790557843844987
Philippines,Michigan,49.66295242596882,7.405255244934325,35.64685882554905,2466.4088436640423,9.394001089401415
Philippines,Minnesota,52.44270890706888,12.749545698117393,48.57791798918297,2750.237717511561,14.199289415271357
Philippines,Mississippi,33.81460816900489,26.6524581293641,29.84792952661881,1143.4277256233324,24.503339252902094
Philippines,Missouri,28.62219775973898,8.309586066425661,26.466035754904528,819.2302045976072,8.717420637483954
Philippines,Montana,21.489562172357235,38.74384567689164,17.15268189359691,461.801282359607,35.228790446487274
Philippines,Nebraska,22.3471987143498,31.07739058293852,17.77450050998897,499.39729037863736,31.924569591928286
Philippines,Nevada,207.07799925904425,10.339574681953499,170.08006694677292,42881.29777712873,11.962911568980026
Philippines,New Hampshire,10.114233790729385,12.754429586821406,8.79914037799528,102.2977251735321,13.982811692252605
Philippines,New Jersey,704.3836087878943,25.201036157366673,629.1312040747383,496156.2683290574,29.687423803929235
Philippines,New Mexico,83.78927224965736,63.924735760823836,73.40643547568585,7020.6421441272005,46.7226425183963
Philippines,New York,439.39082069286354,9.515740113001494,310.08327358833276,193064.29330914817,15.230184426095791
Philippines,North Carolina,72.6258109927209,12.130793361486408,68.60824480834606,5274.508422350421,12.365348069135226
Philippines,North Dakota,41.701050755349314,48.27357840102901,35.34525280765226,1738.9776341002196,44.83983952188098
Philippines,Ohio,253.88065330620117,25.37509181863009,215.8143989506509,64455.38612318351,32.63247471802072
Philippines,Oklahoma,35.886077371221795,10.99609620485713,26.704354973679568,1287.810549093317,16.287175811447106
Philippines,Oregon,76.8532552258692,22.656080055877318,75.7249173338575,5906.422838812592,21.792038343819247
Philippines,Pennsylvania,158.31253979599734,18.474814663085436,125.09845628877929,25062.86025665924,24.64647739429123
Philippines,Rhode Island,11.417250743562523,18.63577971119856,9.542724298454479,130.35361454137896,20.633585681137088
Philippines,South Carolina,36.895727193712126,10.039464137360673,29.592050086423956,1361.2946851528284,13.130152026232073
Philippines,South Dakota,15.080437086051484,22.11954550492415,13.334212435736932,227.41958270635698,25.705290487587757
Philippines,Tennessee,69.26864814229094,12.6580592372645,63.74991323137298,4798.145615460507,13.965453254494143
Philippines,Texas,412.9258590948465,11.578458125543186,367.47234701285544,170507.76510921703,13.463510241110091
Philippines,Utah,47.54457370797597,26.36643881915296,44.514735450152926,2260.4864890731596,26.96289624270849
Philippines,Vermont,10.307502113761748,54.9944346928255,8.591559011556622,106.24459982520291,51.53751056880874
Philippines,Virginia,151.83567629520638,11.390625582074792,137.76529811842929,23054.0725960227,12.002820260490624
Philippines,Washington,107.31289655368307,5.854765178154477,102.97821345435356,11516.057766741485,6.080050796242667
Philippines,West Virginia,25.03661975632098,48.917222118490855,24.876294701315363,626.8323288226021,42.43494873952709
Philippines,Wisconsin,54.691497270404824,16.32488289196256,44.404686353297386,2991.1598736786987,21.447645988394047
Philippines,Wyoming,17.179857431103194,32.50261643609893,14.380473251762508,295.1475013530316,44.81701938548659
United Kingdom,Alabama,53.757286844626655,40.65768509594889,42.15090290904296,2889.84588889547,56.986523156848044
United Kingdom,Alaska,6.1260326194026575,74.21929571283937,6.106260497776141,37.52827565398538,54.05322899472933
United Kingdom,Arizona,87.2495436081665,20.190730854539314,62.09347743757971,7612.482859833349,34.8533463148468
United Kingdom,Arkansas,21.111515379332,22.818087631614357,15.85356253644411,445.6960816117716,35.18585896555334
United Kingdom,California,264.9758795900034,9.215700798903171,227.92163143879512,70212.21676449598,10.990289489423615
United Kingdom,Colorado,89.22648781434054,30.736758553413935,70.38894405097084,7961.366127682661,38.57052787363424
United Kingdom,Connecticut,153.66572962865345,27.776539458604148,112.33060866340685,23613.156462306422,45.55308190572731
United Kingdom,Delaware,22.631646161354915,26.05843848077901,14.773881702571643,512.1914079727707,57.05457015467626
United Kingdom,District of Columbia,17.076704543769992,27.80294104585443,16.51630186924574,291.6138380752147,26.407275067685553
United Kingdom,Florida,618.5048124380854,18.42895475178771,399.74885194077086,382548.2030090713,37.736718269559816
United Kingdom,Georgia,237.48815039811365,24.00467348054991,167.65730750912536,56400.62157951705,42.86789718377503
United Kingdom,Hawaii,15.375311621957053,25.60784254358921,11.923435410134452,236.40020747228763,34.94389004990239
United Kingdom,Idaho,17.159249112925256,37.69119957994039,15.13700433140618,294.4398301194261,44.763258555457185
United Kingdom,Illinois,211.4646358046871,18.8943466405153,130.28200509708805,44717.29219600896,43.78149809620851
United Kingdom,Indiana,35.120962670745165,13.644210035991525,25.008356460054205,1233.4820189198754,21.99642755996566
United Kingdom,Iowa,20.186245727035377,26.437123959198612,15.98869110811958,407.484516552254,38.32831467158616
United Kingdom,Kansas,31.284125163910065,31.51241343712428,23.506251309550304,978.6964872711909,49.65734153001598
United Kingdom,Kentucky,13.736258281972228,17.417396138748707,12.175271560665175,188.6847915890506,19.907620698510474
United Kingdom,Louisiana,14.523419978936733,12.099470412565951,10.48994226510922,210.92972788457868,18.619769203765042
United Kingdom,Maine,17.523110402177657,20.655030607327497,13.33479473929482,307.05939816690676,31.47864144103771
United Kingdom,Maryland,45.09884013720479,13.675313263120934,37.70545635622983,2033.9053817211536,17.235225530141957
United Kingdom,Massachusetts,175.66534828070994,15.910771045222658,114.64383407776006,30858.314586583117,30.42702337425692
United Kingdom,Michigan,254.34443957144657,39.49672288598621,182.88572655426455,64691.09394091323,68.67986667095768
United Kingdom,Minnesota,56.05897766404187,16.784999491641848,34.79754586871041,3142.608976737545,36.089470599168585
United Kingdom,Mississippi,19.83427104626435,24.196876988294534,12.38029526604493,393.3983079366804,58.336091312542216
United Kingdom,Missouri,26.7828229112519,19.746606694357762,23.418703241620694,717.3196030954796,24.056427764597515
United Kingdom,Montana,10.781767828960856,36.986245637732466,8.741543115817398,116.2465175176153,49.762005364434714
United Kingdom,Nebraska,6.223820918095206,24.032838761030447,5.656754591284169,38.73594682051945,23.634762980108377
United Kingdom,Nevada,8.962121815314054,7.250727883272735,6.522875993086913,80.3196274325281,9.239300840529953
United Kingdom,New Hampshire,22.89102272951832,21.18439923700327,18.174603197069747,523.9989216033243,29.728600947426386
United Kingdom,New Jersey,130.99120469312416,18.77734784173701,112.20755091498347,17158.695706955954,23.573702104341482
United Kingdom,New Mexico,18.437245380981487,21.556918853495763,12.570956005110217,339.93201723852314,40.97165640218108
United Kingdom,New York,220.38532438826064,11.229041052287819,185.791682423858,48569.691205718875,13.869435140859702
United Kingdom,North Carolina,139.87932161385336,18.67962260097817,97.67000381163955,19566.224615151823,33.27818912304204
United Kingdom,North Dakota,1.8779583305530714,22.21851969792278,1.7912166791130186,3.526727491293679,22.535499966636856
United Kingdom,Ohio,106.17187904753209,25.83451075650413,83.57134029101695,11272.467900483784,37.78358684965555
United Kingdom,Oklahoma,20.668387147250147,17.759024322750925,15.040983853558657,427.182227268615,28.706093260069647
United Kingdom,Oregon,41.40312169800263,23.08330451229862,38.95175154217185,1714.218486339616,25.092801029092506
United Kingdom,Pennsylvania,202.08317103561532,24.0784673761043,142.6712509567659,40837.608015809754,43.272627630752744
United Kingdom,Rhode Island,9.061925061934033,18.176544336983493,7.973790729471065,82.11848582810815,21.924012246614595
United Kingdom,South Carolina,61.28443917952416,24.850545075842483,47.62085146829421,3755.782485548796,36.33464773489575
United Kingdom,South Dakota,3.3330029736405264,40.55107309620006,3.0992133852810664,11.108908822296593,41.66253717050658
United Kingdom,Tennessee,54.15863796791355,21.954348267154092,41.20133008384156,2933.1580665395268,33.50018843376096
United Kingdom,Texas,434.9337692700025,18.844693792313784,310.32498292210624,189167.38365141174,31.623880460736974
United Kingdom,Utah,31.45141112072132,23.227976477995423,24.955597944465335,989.1912614846327,32.535942538677226
United Kingdom,Vermont,9.902135867838455,29.749504926479325,8.750726079574642,98.05229474513281,30.94417458699517
United Kingdom,Virginia,78.48544793432245,15.021097464884306,61.3105173243099,6159.96553745124,21.34690333662442
United Kingdom,Washington,79.32597461178982,17.744279057750354,66.58871062973793,6292.6102481103235,20.784098151560652
United Kingdom,West Virginia,9.444798437004929,41.3627093088449,7.967012209697292,89.20421751565074,37.779193748019715
United Kingdom,Wisconsin,77.92672794817648,34.07482034103388,58.80958651391986,6072.574928709109,53.990804583032194
United Kingdom,Wyoming,5.0724628640037155,2867092319441.76,3.696172533858928,25.72987950669678,84.54104773339526
