Country,State,R2 Score,RMSE,MAPE
"China, People's Republic",Alabama,-1.979804724010152,58.606497750184396,0.11911208562308563
"China, People's Republic",Alaska,0.9357787655596967,5.9838872020474145,0.11797729609614242
"China, People's Republic",Arizona,-4.7973716368790456,82.10785018063883,0.12220307234759464
"China, People's Republic",Arkansas,0.5911325541503532,20.820431120249086,0.10434765968718095
"China, People's Republic",California,-0.2116697005173096,3487.6345201729,0.1559049857332854
"China, People's Republic",Colorado,0.5235772926939173,105.75379069537503,0.18374927539765387
"China, People's Republic",Connecticut,0.9287336240674606,44.25077154236842,0.05416480293887371
"China, People's Republic",Delaware,-0.47252670572640554,75.25732481546619,0.1896016400371339
"China, People's Republic",District of Columbia,-0.7953406809849153,157.44987484159995,0.35618950923019305
"China, People's Republic",Florida,-2.937412991992842,209.14805373158674,0.09254853515617036
"China, People's Republic",Georgia,-1.1895558107308672,141.06441711459365,0.09932126162777737
"China, People's Republic",Hawaii,-9.556292119022814,119.06270362502727,0.1692620926339646
"China, People's Republic",Idaho,-0.21432060918957752,9.479436960074619,0.08015066572942166
"China, People's Republic",Illinois,-0.48696707774537784,170.48630516884546,0.06824374423421002
"China, People's Republic",Indiana,-28.197172290923596,66.22736673119077,0.1130409284740813
"China, People's Republic",Iowa,0.38756921180357295,17.580483623698473,0.06993933220234451
"China, People's Republic",Kansas,-2.262632175572415,20.131850862335753,0.06986088511953763
"China, People's Republic",Kentucky,0.603151501326633,46.56113458642276,0.13178789582397446
"China, People's Republic",Louisiana,-1.2479354623720833,13.48454677937707,0.04891967183916132
"China, People's Republic",Maine,0.9244150692250753,6.366342713571344,0.07007764846485663
"China, People's Republic",Maryland,-6.928697056245655,219.57177391461562,0.10028381626228483
"China, People's Republic",Massachusetts,-0.25658565095145947,206.71857345501977,0.0653720335349855
"China, People's Republic",Michigan,0.5823487978481388,139.41272952896833,0.12424128652362222
"China, People's Republic",Minnesota,0.9301802687818959,20.11692515361027,0.0321886451165039
"China, People's Republic",Mississippi,-11.496706839591868,24.548298805920613,0.15027010425822698
"China, People's Republic",Missouri,0.9302756317494114,11.23599525835306,0.020974873324970653
"China, People's Republic",Montana,-1.7647755738757018,15.016084972916968,0.2839345137878276
"China, People's Republic",Nebraska,0.2775585757448914,12.594285539826275,0.08880523148330742
"China, People's Republic",Nevada,-1.7723368571442135,113.55100477384234,0.16705018258007773
"China, People's Republic",New Hampshire,0.41001255423464933,32.770539507524425,0.1796245501584214
"China, People's Republic",New Jersey,0.004592229721608887,239.6565241064593,0.08159326089620073
"China, People's Republic",New Mexico,0.7757670606982768,16.468825017922526,0.13589962626178995
"China, People's Republic",New York,-3.3256495610401053,6574.272209371902,0.329734170682147
"China, People's Republic",North Carolina,-0.9499195488507912,167.04036073100485,0.13843791076714884
"China, People's Republic",North Dakota,-4.368029575230086,13.64154287246533,0.23587891151906468
"China, People's Republic",Ohio,0.2313794573474619,118.52206478999099,0.1105300300978566
"China, People's Republic",Oklahoma,0.5550051508101409,12.256038656011311,0.041606645230548876
"China, People's Republic",Oregon,-0.7494040981375258,80.28680443844682,0.09849143303610447
"China, People's Republic",Pennsylvania,0.16700250743170775,198.60305061938058,0.07452598531295901
"China, People's Republic",Rhode Island,-0.1719800099042914,38.77189307609192,0.1834828924054488
"China, People's Republic",South Carolina,-4.652270583439179,51.02756753727324,0.15192015052303723
"China, People's Republic",South Dakota,-8.06974585858431,10.23747782139922,0.1554363935456423
"China, People's Republic",Tennessee,0.4475238918331028,62.52554449069153,0.09086761231061051
"China, People's Republic",Texas,-9.36769787121144,762.4202021056248,0.1746761838345917
"China, People's Republic",Utah,-0.3510175679100438,28.697042777483574,0.11086669798528771
"China, People's Republic",Vermont,0.25742197101415065,7.90832294324062,0.16568834820280387
"China, People's Republic",Virginia,-0.4762454668962708,85.36437007995896,0.046780261814917574
"China, People's Republic",Washington,0.8754338805614222,138.19313476641253,0.04716966814554115
"China, People's Republic",West Virginia,-0.16513157014227664,15.171625312891635,0.16830993212069326
"China, People's Republic",Wisconsin,0.18845674626044606,67.55159172295554,0.11238448547048757
"China, People's Republic",Wyoming,-1.147858998112874,5.3958708263281245,0.12288238773535094
Dominican Republic,Alabama,0.5921224392726059,11.280859849627907,0.6497939690434414
Dominican Republic,Alaska,0.8792064231070135,7.303223600063564,0.07552180732440687
Dominican Republic,Arizona,0.07419479571323306,15.771271293664885,0.4657656507105627
Dominican Republic,Arkansas,0.8989052510262479,2.161671564452968,9698406427.028162
Dominican Republic,California,0.6839008906860966,43.52812953973025,0.19962501739828672
Dominican Republic,Colorado,0.6333019575477146,9.394253325846785,0.6914568043038295
Dominican Republic,Connecticut,0.7695817851634688,162.36329860889467,0.23163898059251112
Dominican Republic,Delaware,0.8180334845748687,6.583955321431719,0.13179559278591726
Dominican Republic,District of Columbia,-0.027451014975670818,27.73478549664877,0.6304878671591071
Dominican Republic,Florida,0.555306733458887,763.9351181298631,0.2508258077631626
Dominican Republic,Georgia,0.6449995630490362,97.09272454071855,0.3239044734730048
Dominican Republic,Hawaii,-1.5631395508028492,3.289702839172024,17621493481.01501
Dominican Republic,Idaho,-3.0667934707097144,4.143779164629649,0.43545699986272934
Dominican Republic,Illinois,0.19173809618664872,45.7261821967124,0.36913929420200237
Dominican Republic,Indiana,0.6894213074315327,22.209637126390952,0.49316239724900574
Dominican Republic,Iowa,0.3134045885430625,3.100376712658822,0.27386468397639147
Dominican Republic,Kansas,0.20120967910085596,6.780473485808401,0.6740967557750958
Dominican Republic,Kentucky,0.2646733298689984,11.652910584235666,0.2575613389551259
Dominican Republic,Louisiana,0.7035620213043907,51.46878328395126,0.4217749418094871
Dominican Republic,Maine,-0.6361238230515716,4.7094126363213835,0.7662979059492746
Dominican Republic,Maryland,0.6056901997154982,107.70239414594958,0.3771653413573302
Dominican Republic,Massachusetts,0.8481208359761345,531.576092596414,0.1554364807944485
Dominican Republic,Michigan,0.6023387486881815,23.49933880605322,0.13153185099640344
Dominican Republic,Minnesota,0.37746612634273835,15.190541657084681,0.7074869321517534
Dominican Republic,Mississippi,0.5439229120492244,11.881969379558353,0.3467563993487577
Dominican Republic,Missouri,0.4943460381941783,9.870291956569554,0.4688064726554582
Dominican Republic,Montana,0.0,1.532554016309829,14209139997.36637
Dominican Republic,Nebraska,0.5980515775801563,2.3342309591341004,0.16257078888282353
Dominican Republic,Nevada,0.944079563281153,3.067093107892489,0.06525046414616036
Dominican Republic,New Hampshire,0.622243784027982,55.35892214848773,0.7065028054242979
Dominican Republic,New Jersey,0.7874637447951804,1078.3872629266548,0.18748759883294228
Dominican Republic,New Mexico,-4.959850010348709,6.08962323756594,16274199921.914566
Dominican Republic,New York,0.6217619207393081,3310.7625866230433,0.14659299746286344
Dominican Republic,North Carolina,0.861412643149423,64.2923518423872,0.26153312603932616
Dominican Republic,North Dakota,0.6111784408013275,1.9275388478888429,970630844.4125314
Dominican Republic,Ohio,0.9587403829199554,15.942660067155355,0.10481336240209115
Dominican Republic,Oklahoma,0.6449430517843682,5.84502939023822,0.14771873317644843
Dominican Republic,Oregon,0.2797647212283433,5.8112848803153785,0.5827892858627656
Dominican Republic,Pennsylvania,0.8528310873320126,417.65114271000994,0.20228974255785645
Dominican Republic,Rhode Island,0.7462484199593404,155.551005733544,0.1627390067274844
Dominican Republic,South Carolina,0.7202175449287708,19.87280752190707,0.11820071120406496
Dominican Republic,South Dakota,0.0,3.291608991397423,26829974976.95326
Dominican Republic,Tennessee,-3.704746038945915,22.001502049895283,0.5801352865047574
Dominican Republic,Texas,0.6735043554733038,100.02384594654274,0.24392928434945124
Dominican Republic,Utah,0.526844588672104,17.781253060850247,0.23232781648327636
Dominican Republic,Vermont,-0.511567913073468,2.8978611969994046,23092321875.452007
Dominican Republic,Virginia,0.6776179292086099,47.39576214467288,0.26103105977431035
Dominican Republic,Washington,0.9190566376640998,2.6923832904187632,0.082841933466412
Dominican Republic,West Virginia,-0.6603887739511822,3.7934200981317963,0.4295738284225261
Dominican Republic,Wisconsin,0.7650878124369476,7.329160039828439,0.10851258608261101
Dominican Republic,Wyoming,0.0,2.200448344447131,20264717502.963993
India,Alabama,-2.679214257634117,86.05249500081293,0.13499549830073468
India,Alaska,-0.4601938826221963,5.493390596058023,0.3134573710214408
India,Arizona,-0.48181144064928794,134.45849712909586,0.08661226556491829
India,Arkansas,-0.7348949926366204,60.82723667045078,0.16649596590391275
India,California,-1.247567442349999,1555.5361294607633,0.07197897842301694
India,Colorado,-0.45539231797186264,130.16539680267647,0.30226764855788707
India,Connecticut,-0.7777567331267632,351.6863327003917,0.20274420489636125
India,Delaware,-1.5650435493103076,93.60656368248976,0.213606564602182
India,District of Columbia,-1.204820736703787,10.569338547247185,0.16690138434235482
India,Florida,-0.30126515050686953,808.2641371302475,0.19468588438226275
India,Georgia,-2.4804201892381874,845.0985173056338,0.20220377751959573
India,Hawaii,-0.812024061555759,7.693684813587145,0.19554414153323
India,Idaho,-0.917626752600951,18.658933260416084,0.24801607355573205
India,Illinois,-1.8647259322312357,919.8206709149678,0.16186202931689278
India,Indiana,0.07962895236294532,105.80925266892592,0.11640587614119124
India,Iowa,-3.260508374461006,78.1273852829113,0.2286109579618556
India,Kansas,-0.4649854777997511,88.83531951168442,0.16426615737669117
India,Kentucky,-0.7448209917243418,114.57424521129356,0.18230526489016854
India,Louisiana,-0.19563403030526927,50.522725643775004,0.17357247484979074
India,Maine,-1.6725306316603747,44.21656511968727,0.4281438644053499
India,Maryland,0.31948374297548887,156.45839174047495,0.06674442249753303
India,Massachusetts,-1.3113034946375244,799.0694411861729,0.2423470725847202
India,Michigan,-0.23625707357499914,1035.8645524067765,0.2105837535683217
India,Minnesota,-0.9573845677548611,358.06119482463697,0.2865479550139339
India,Mississippi,-14.480254633865979,47.68519060343208,0.2038515793475649
India,Missouri,-1.0582631413190695,219.35832721316325,0.27552681339692525
India,Montana,-21.514788881793017,2.236802722230154,0.15210500899845933
India,Nebraska,-0.12459425296079818,52.6284209351321,0.3530966928087907
India,Nevada,-23.01509274039311,35.563954846548924,0.13350225549782838
India,New Hampshire,-0.3961061356622151,148.8600242880492,0.24640255717774018
India,New Jersey,-1.88179553105179,1549.669572234117,0.15393233560343533
India,New Mexico,-1.1911781700385768,34.91105829137352,0.17018806793086028
India,New York,-0.021767038058249977,765.0817785192326,0.13526394808979672
India,North Carolina,-16.98846600599097,405.35249590401156,0.2040128805181436
India,North Dakota,-10.718338438310584,15.893246843417677,0.30908286934989143
India,Ohio,-3.333219766261232,526.5745977234418,0.22062962455899685
India,Oklahoma,-0.2328982521234937,60.742518078538495,0.15692545900351842
India,Oregon,-0.6198629796957802,79.15800638605245,0.12496930319285038
India,Pennsylvania,-2.1286050894412774,659.8898027330748,0.17997798614539487
India,Rhode Island,-1.7997293986833225,53.28740725868998,0.31403065216647247
India,South Carolina,-5.7950878331733096,142.41162927494582,0.22921371600582754
India,South Dakota,0.07987089900762667,4.589197397807993,0.13150665358884925
India,Tennessee,-1.7391918429877107,163.28898738017324,0.16067284475229493
India,Texas,-7.570400813886108,1746.5181462766027,0.2082036884690567
India,Utah,-17.612642471598384,17.612799546351884,0.0912180433190795
India,Vermont,-0.41719735922970624,20.365815160080402,0.2586656295531161
India,Virginia,-0.25089154695689575,534.1288373355743,0.14838619040023518
India,Washington,0.1172564099792548,222.9728764915977,0.08286170873140146
India,West Virginia,-1.449304978163588,49.50694747355194,0.3132080386054346
India,Wisconsin,-0.5699003950094543,179.8069207089224,0.18487865382865842
India,Wyoming,-3.6821689741846857,10.649532260841116,60572896088.66367
Iran,Alabama,0.7001620364240363,4.500635533568638,0.11475411249678881
Iran,Alaska,-1.5604759769846126,4.5259040882321955,0.4728236533569072
Iran,Arizona,0.6066358048717648,27.501058631136733,0.10312261072546734
Iran,Arkansas,0.42195744261519996,4.686749105789898,0.2462977596303856
Iran,California,-1.1956132359731186,990.4596104980205,0.14670131747739396
Iran,Colorado,0.33809496486955304,13.726700259001332,0.105203998169687
Iran,Connecticut,-3.0285680327974838,14.286851075787807,0.17911123472143617
Iran,Delaware,-2.051517860293902,5.938180206376041,0.34310392403806483
Iran,District of Columbia,0.3258089577217568,10.436441365994474,0.36609640965421253
Iran,Florida,-122.76895529565158,65.50310768899382,0.17713650948283854
Iran,Georgia,0.048103625255558224,38.345307407668294,0.09930612869719287
Iran,Hawaii,-0.17102392421800627,4.53409037828911,24188067957.438908
Iran,Idaho,-0.24597587548303146,14.62033117023384,0.48322358312244207
Iran,Illinois,0.43211111319709816,12.764051541232217,0.0389357806809661
Iran,Indiana,-0.09332953909120145,23.474200469919428,0.6107683685049972
Iran,Iowa,-1.1730922710640797,7.321403054486708,0.6479222533123843
Iran,Kansas,0.4779156107673528,8.55615762160407,0.18695305591571013
Iran,Kentucky,-6.426460423858945,10.51530998537687,0.17452792113409735
Iran,Louisiana,-2.7699864645032926,16.089512233001123,0.2522237796158429
Iran,Maine,0.17888729886828503,14.173881174313534,0.4562621327474758
Iran,Maryland,0.8474218800475818,25.26296345713476,0.056243264020724805
Iran,Massachusetts,0.6833032414603015,36.0760713421411,0.15172880301371236
Iran,Michigan,-4.037039414908039,41.96099511490891,0.35886556294296446
Iran,Minnesota,-36.050634613159595,13.149257071335935,0.14474281181923124
Iran,Mississippi,-1.1004625105675503,5.837308422198848,0.46721051122505525
Iran,Missouri,0.30545786568727296,25.06033583404698,0.28941254465558436
Iran,Montana,0.0,1.7180920595161617,15751349927.565409
Iran,Nebraska,-1.8502380843356758,11.884659512786087,0.3711124908263354
Iran,Nevada,-0.819057087654167,26.036550104275584,0.17220105445112965
Iran,New Hampshire,0.12486322182241139,7.418650794139766,0.3737201557794349
Iran,New Jersey,-4.575961178180825,19.7877837302892,0.09519135414418067
Iran,New Mexico,-1.226998845587692,8.112964199534293,0.38826327559533375
Iran,New York,0.1901365962955971,97.32595922656998,0.15446166664346986
Iran,North Carolina,-0.3936371540473609,26.438352010688703,0.164466847341155
Iran,North Dakota,-0.6741518563724966,3.0497284545535965,0.3855671159049087
Iran,Ohio,0.2584964997625996,19.539496240805622,0.14946288763855403
Iran,Oklahoma,-1.1653844888952491,16.400880256135604,0.11507957455828904
Iran,Oregon,-2.3233110207000154,12.976174001433067,0.10693235832784437
Iran,Pennsylvania,0.5404662691159541,4.91956398744439,0.033663333854488775
Iran,Rhode Island,-0.013876274769698993,2.5116853878334173,0.2180559712739596
Iran,South Carolina,-2.4083098808957444,10.03665741347004,0.21870911804669205
Iran,South Dakota,-0.306003970364503,2.799289878198937,7562228368.583709
Iran,Tennessee,0.6861715396664989,22.409713880178245,0.27430974169041444
Iran,Texas,-0.347630350366537,218.94385000767315,0.1512208203310611
Iran,Utah,0.5249749309090456,21.025936308140516,0.1770657781060162
Iran,Vermont,-0.1481110377116177,2.0204387094218417,13425523508.664225
Iran,Virginia,-23.313245082082624,115.91859262156494,0.16433534871976418
Iran,Washington,-1.0457221437228381,26.758227712294275,0.06452482388303508
Iran,West Virginia,-2.8328098480427144,6.051828437493301,0.22330756570489108
Iran,Wisconsin,-0.9163556784212854,5.179669825181716,0.07758400768724129
Iran,Wyoming,-0.5676884096703674,2.3609327043318133,15073093638.940363
Mexico,Alabama,-1.1153048139333004,96.88540978270736,0.1587201983777947
Mexico,Alaska,-1.760866143944242,15.248812475110372,0.1215551457739651
Mexico,Arizona,-0.27960016353228667,1299.5395073321522,0.14523789323514227
Mexico,Arkansas,-1.8604902836651847,143.19881754691443,0.15172625544039384
Mexico,California,0.28085570728181397,6251.64135020039,0.10090430839135872
Mexico,Colorado,0.31430504101160606,550.8167969028174,0.15052088327203092
Mexico,Connecticut,-1.7543961444948084,52.90053386126387,0.1180888402933132
Mexico,Delaware,-0.375588501402222,92.15684135026177,0.252712448316273
Mexico,District of Columbia,0.49707235280032547,8.044254094674749,0.13367304419648798
Mexico,Florida,-0.10528958765748442,394.2604416760863,0.0825336483348865
Mexico,Georgia,0.0007956168133382846,556.780071541121,0.1706633607763478
Mexico,Hawaii,0.00040332478632520985,26.15236621112219,0.3795031732571473
Mexico,Idaho,0.15031240416934444,125.30927974582032,0.14929657830978135
Mexico,Illinois,0.04935768716479805,1589.1016295523616,0.17637926540435003
Mexico,Indiana,0.6095228440805353,225.23169617337274,0.16359879078785292
Mexico,Iowa,-0.9099834368419413,142.51285901928188,0.1774894444771283
Mexico,Kansas,0.3310502880011026,231.58696609544148,0.1792231533828557
Mexico,Kentucky,0.647337313193578,57.906780221675405,0.1309055820348112
Mexico,Louisiana,0.8049435083558021,58.41876174392881,0.16970894291905658
Mexico,Maine,0.5153973766786459,3.1304539508314555,0.17208052375493743
Mexico,Maryland,0.7237213852248774,47.79084233116293,0.08598517506307257
Mexico,Massachusetts,-0.4759525636317272,46.86731701455285,0.1502666667711621
Mexico,Michigan,-0.4936216797187918,197.06638328359068,0.14541260981125842
Mexico,Minnesota,0.6789960692764853,144.27491194952233,0.156059909415362
Mexico,Mississippi,0.24931419785715003,34.896693111852954,0.1018101932501088
Mexico,Missouri,0.6809789238576405,41.97436197460943,0.05683666837424552
Mexico,Montana,0.2668486699871495,10.898188632157263,0.3013560849782075
Mexico,Nebraska,-0.6825825056488803,299.8588660782915,0.38135682660610026
Mexico,Nevada,-5.46879692999759,622.4946776820113,0.22543921811729942
Mexico,New Hampshire,0.2436759917831961,3.55040844649552,0.05009427881909407
Mexico,New Jersey,-0.018955079817992715,151.71151497955256,0.11240168397916282
Mexico,New Mexico,0.5199208979720693,169.04915073520536,0.06677472358713514
Mexico,New York,-0.2270995436062615,298.84540731363296,0.12447049718458818
Mexico,North Carolina,0.5367385494041297,388.29070869683994,0.13794485231444029
Mexico,North Dakota,0.3781523904343076,11.269210296603863,0.5306890849723374
Mexico,Ohio,-3.2834230438691856,158.38142951964247,0.22011005606571452
Mexico,Oklahoma,0.5104867038428622,129.0942175179471,0.08046912030796173
Mexico,Oregon,0.37759353768864534,364.13043273131336,0.15955167800715617
Mexico,Pennsylvania,-0.5619708564417236,240.5884905575241,0.17761851999915615
Mexico,Rhode Island,-1.9054129780523694,18.99781188997696,0.28039481660242466
Mexico,South Carolina,0.552882854770381,87.41073078164116,0.13968089806299555
Mexico,South Dakota,0.3763954733259006,13.281972430965117,0.31658943968840464
Mexico,Tennessee,-0.7264703144308746,148.30530835310515,0.12812734582396415
Mexico,Texas,-0.18638441241022785,2998.8273502067195,0.08043156721395144
Mexico,Utah,0.6528345396203208,283.57731878340957,0.1854412047053113
Mexico,Vermont,0.19244611446550142,5.699264149027276,6445410246.594598
Mexico,Virginia,-8.19265407778017,190.54369048382867,0.1984472033972521
Mexico,Washington,0.5668755498241123,391.6300346644711,0.10093126677921842
Mexico,West Virginia,-0.2162229361728063,8.252786464320833,0.1902263780962626
Mexico,Wisconsin,0.26167767994449764,169.4433770443241,0.1404513075803684
Mexico,Wyoming,0.5759834261202206,16.71183961533902,0.1716772691692384
Pakistan,Alabama,-6.381399951785088,14.433277858836473,0.17411553783059144
Pakistan,Alaska,-9.554105022207006,9.315481568295736,51741077308.42239
Pakistan,Arizona,-0.25806973587633086,25.789523719912967,0.2241614008417084
Pakistan,Arkansas,-2.204821561411747,13.581431641159046,0.5517816816543551
Pakistan,California,-1.439450164810002,393.5123373692951,0.1751300049400326
Pakistan,Colorado,-0.014909234153541506,11.986076942814442,0.17534506295573782
Pakistan,Connecticut,-1.3497962663311713,59.22383439300708,0.19673725097673359
Pakistan,Delaware,-0.6507838345210839,7.943338502413012,0.13314080152050498
Pakistan,District of Columbia,-0.8084847337455496,4.437610767407062,0.3028140283516367
Pakistan,Florida,-1.119422146924212,64.69639285791489,0.10512820223648589
Pakistan,Georgia,-0.5615788678760418,115.88755447096186,0.18524231964550644
Pakistan,Hawaii,-29.884130031387933,4.537556613522887,1.2105623600340667
Pakistan,Idaho,-11.52685790918116,6.673824932723672,1.3192539494076962
Pakistan,Illinois,-2.6092856353772764,210.1638253334718,0.15845816743084976
Pakistan,Indiana,-1.2060180596739927,21.7050089218887,0.1763058052962552
Pakistan,Iowa,-10.910605199260036,8.608741624125523,0.16058154196572683
Pakistan,Kansas,-0.37780726855918423,6.284675146632212,0.06888309754031291
Pakistan,Kentucky,-6.35644409928679,25.18509396238301,0.28952638437974837
Pakistan,Louisiana,-0.8018440523511672,14.595136449065803,0.0973023118768575
Pakistan,Maine,-1.3952899551032338,7.185527517092391,1.392253516672971
Pakistan,Maryland,-0.4125277434158465,201.70415402520962,0.3243886308161345
Pakistan,Massachusetts,-0.18603117222410104,67.89677006451576,0.2244794110725433
Pakistan,Michigan,-9.96928896058481,60.226059279186146,0.13763212561195917
Pakistan,Minnesota,-0.002933260919268932,27.865627895482568,0.214371181017572
Pakistan,Mississippi,0.3910426704367911,4.594618673860894,0.20698243490023027
Pakistan,Missouri,-6.94547581901056,27.134493900353327,0.1733574480021439
Pakistan,Montana,0.0,2.264891162798739,21081259054.39264
Pakistan,Nebraska,-0.914066141256231,11.757470399785785,0.4390876658819261
Pakistan,Nevada,-4.374472641512807,21.07818157159338,0.29216147856951846
Pakistan,New Hampshire,-2.662905479000217,13.290351462145155,0.24454935438681755
Pakistan,New Jersey,-0.9238681982697559,299.2206179578505,0.23702709178309614
Pakistan,New Mexico,-2.713377474306893,7.094849868158992,0.37182053645689556
Pakistan,New York,-1.3714289900533276,994.2337066240557,0.2920770694294235
Pakistan,North Carolina,0.4336781639458358,66.32922108964834,0.21791157666992222
Pakistan,North Dakota,-0.7520368206704677,9.191686945707355,22387725536.976894
Pakistan,Ohio,0.3774425276408506,34.17683666243458,0.1531621674049882
Pakistan,Oklahoma,-0.45490315557108607,21.67422578417246,0.12931268595866138
Pakistan,Oregon,0.04837592166541782,13.112084126958912,0.2524183516774072
Pakistan,Pennsylvania,0.07747890732832163,61.35218873673301,0.1284513392067277
Pakistan,Rhode Island,0.30924209736627695,4.909152239858721,0.11661693936951141
Pakistan,South Carolina,0.5533493515398742,11.275927955678378,0.18500750855969064
Pakistan,South Dakota,-1.1271546369329748,3.828019323790836,19882786777.525024
Pakistan,Tennessee,-0.3582267872594185,18.775923634739137,0.2169587895356581
Pakistan,Texas,-7.263090062675445,251.43219305843795,0.09832015967922587
Pakistan,Utah,0.2156195458151492,15.782407005764023,0.24918604532212071
Pakistan,Vermont,-0.6615075507685242,2.7845469835480325,10254181483.200487
Pakistan,Virginia,-1.1160893425509313,268.4371155760184,0.22774757173595708
Pakistan,Washington,0.735326194389617,28.789594063988233,0.08970021955222433
Pakistan,West Virginia,-2.3494584380082957,2.988626635768028,0.10919178718423302
Pakistan,Wisconsin,-3.888645205112277,11.030546102856325,0.08608048685720728
Pakistan,Wyoming,-0.35272503388808873,3.3350271114626566,6852364019.903441
Philippines,Alabama,-0.7824689575183303,48.297595272149124,0.26605368394136797
Philippines,Alaska,-0.09043960421539676,109.98789464830033,0.19432646200215284
Philippines,Arizona,-0.4198137818487311,142.53073740378034,0.1696104994835592
Philippines,Arkansas,0.2812491795180543,20.53842424385635,0.11018213062748217
Philippines,California,-0.09422936209619648,2704.6830048053866,0.0836986088928477
Philippines,Colorado,-0.38870669103798616,61.912349888788256,0.20990207527855176
Philippines,Connecticut,-1.1509156328836938,58.16075411003903,0.13537197634017092
Philippines,Delaware,0.33792391944946043,15.280450399366186,0.1631896592317151
Philippines,District of Columbia,0.7209783534093401,9.857055230843699,0.1485036602340494
Philippines,Florida,-0.17937535187249498,292.5225591529705,0.10852091440516959
Philippines,Georgia,0.3138197663745905,77.1961566549277,0.11880774660724358
Philippines,Hawaii,-11.5100420193337,570.5676414452996,0.1415592880620574
Philippines,Idaho,-1.6958257124677867,33.52401804540728,0.3589935607611309
Philippines,Illinois,0.687351079799551,225.4682908341591,0.07205643263947793
Philippines,Indiana,0.35255931637934557,20.591301802406594,0.04334409415173138
Philippines,Iowa,-4.3269766636728555,22.217857026132933,0.14176823380757533
Philippines,Kansas,-0.4589819660640959,37.07237532223122,0.19971248763059077
Philippines,Kentucky,-0.06137107696469668,33.60504167368993,0.17177493782321107
Philippines,Louisiana,0.4757494785907158,79.90049968235823,0.1682649344304982
Philippines,Maine,0.1744595827239407,25.74523700336909,0.3679844388870326
Philippines,Maryland,-2.873887518154563,156.3905497843206,0.12358488980396364
Philippines,Massachusetts,0.6312841971066756,37.49387218152608,0.09702009332333102
Philippines,Michigan,-2.284621777449409,87.5741222757562,0.15476622872632317
Philippines,Minnesota,-0.09857685697959884,57.830027501604555,0.15333263008735779
Philippines,Mississippi,-0.06282311768751425,36.42954569603007,0.2919168493134185
Philippines,Missouri,-0.6473659337701729,28.533574129454603,0.08282342722372922
Philippines,Montana,-0.20667417462909188,21.74893736380249,0.4271028896991065
Philippines,Nebraska,-0.5640714338432515,18.911663099936245,0.27660972145631413
Philippines,Nevada,-6.579807875370212,326.159588128566,0.14331700887534954
Philippines,New Hampshire,-6.431218472119487,14.13567146639591,0.16888120370806062
Philippines,New Jersey,0.978235561531123,102.69778027871395,0.04061985504002187
Philippines,New Mexico,0.7462554309798077,40.30754621153822,0.29882365062933336
Philippines,New York,0.7094818502051556,225.78821626640712,0.0712249799882325
Philippines,North Carolina,-0.22655160848878686,69.76553124220882,0.09510565426267407
Philippines,North Dakota,0.5750035452469874,24.392520096419265,0.342691144338045
Philippines,Ohio,0.3446186413143906,207.43079299210476,0.2281294553248632
Philippines,Oklahoma,-0.3309557552547657,38.636004212452185,0.1532895197458612
Philippines,Oregon,-0.6417527224220212,91.3561227992789,0.2684513422526013
Philippines,Pennsylvania,0.39808421824686324,117.93728691051909,0.16493719374445034
Philippines,Rhode Island,-2.853251944592459,12.13589107171051,0.17074422038487524
Philippines,South Carolina,-1.6696877103108623,31.372358362119847,0.10447977611961567
Philippines,South Dakota,-0.2252638961144351,17.6721858601668,0.29346773631900025
Philippines,Tennessee,-1.488431427060363,82.76365290122727,0.1548641123019097
Philippines,Texas,0.1406817793955809,217.99939190811241,0.056541566027135205
Philippines,Utah,-0.0646777180375726,48.487575691876096,0.2657301339680232
Philippines,Vermont,-2.1874857460183224,11.385272080107635,0.6039342043677358
Philippines,Virginia,-1.1857169783091814,163.5684350941727,0.09549295036265476
Philippines,Washington,-3.4600280892956254,253.0202426560954,0.1262440175395185
Philippines,West Virginia,0.23385379287192143,20.577256145385,0.39904614221691365
Philippines,Wisconsin,-0.7542742128494171,70.39346484744627,0.25933208431792415
Philippines,Wyoming,0.815892507492479,4.858669757976505,0.14549221673278925
United Kingdom,Alabama,0.1791545400901292,46.163808595351256,0.2658344468043529
United Kingdom,Alaska,-0.8525794845070349,7.884436176002586,1.0403695924734144
United Kingdom,Arizona,0.7830971857187972,35.794145102884734,0.12492634601947367
United Kingdom,Arkansas,-0.526285283347798,17.47160715760172,0.2317621493477082
United Kingdom,California,0.2353323468129569,120.16224201434162,0.039909615166418784
United Kingdom,Colorado,0.40829476638626583,66.14231260876899,0.2607023087537152
United Kingdom,Connecticut,0.6763891057335811,79.9569446643833,0.1338498298024621
United Kingdom,Delaware,-0.1798590016672592,19.11104153986202,0.2907242762205495
United Kingdom,District of Columbia,-1.3625849640901975,19.85671623311892,0.2702520750797081
United Kingdom,Florida,0.5702361247589367,351.6124571564514,0.1371003926513665
United Kingdom,Georgia,0.40254856977171605,159.59994541761642,0.17712489999043504
United Kingdom,Hawaii,0.7003875623393385,8.0570483528281,0.19230215385168817
United Kingdom,Idaho,-0.6857788145048638,13.997319743325813,0.2795083672480552
United Kingdom,Illinois,0.44388530783928715,135.0425256297519,0.17846969295161466
United Kingdom,Indiana,0.5638161251380651,19.57208143961056,0.10641350109178116
United Kingdom,Iowa,-0.19564515601796528,14.733499942245583,0.20384383042318013
United Kingdom,Kansas,0.2526753785360567,18.351956191999907,0.1662802161254698
United Kingdom,Kentucky,0.8194221759905497,5.583884933057965,0.08426628106484689
United Kingdom,Louisiana,-0.6905246332978627,16.684515464437318,0.20779466775696798
United Kingdom,Maine,0.1943144257810484,11.847714174169331,0.19281079277857696
United Kingdom,Maryland,0.7669952269032357,20.074727888080332,0.05537963612967595
United Kingdom,Massachusetts,0.010088977676127375,135.16174727663696,0.18017653938392816
United Kingdom,Michigan,0.2750540821672892,197.97505019087401,0.23701606556598043
United Kingdom,Minnesota,0.06956108589923415,42.858991829463804,0.18046153914688867
United Kingdom,Mississippi,0.309114041833209,14.122172162624759,0.16754454140130506
United Kingdom,Missouri,0.9165716864994067,7.581084235734204,0.03490449724290171
United Kingdom,Montana,-0.059773539804375275,10.509612427236442,0.3258883997952797
United Kingdom,Nebraska,-0.6812452450816959,8.085898807860191,0.2950854331717998
United Kingdom,Nevada,-7.5482318536337925,20.673935103934365,0.1414904140649128
United Kingdom,New Hampshire,0.6252870125916499,12.130016476590026,0.1395312279043689
United Kingdom,New Jersey,0.9452007013680851,30.414212771805254,0.05752420668845639
United Kingdom,New Mexico,0.6984684172766737,8.933384515070815,0.10467745998322892
United Kingdom,New York,-0.2507397185476852,134.48617087521885,0.08289470352709294
United Kingdom,North Carolina,0.4317375301715589,97.41719317802077,0.11483871053653998
United Kingdom,North Dakota,-2.3742363377821545,3.1221457148416376,0.3828262873643254
United Kingdom,Ohio,0.472552754218575,72.190930315502,0.12902033091572354
United Kingdom,Oklahoma,0.5097384308276655,11.896309216212702,0.11166173147501522
United Kingdom,Oregon,-0.0979793562485678,35.57533140584707,0.20019598536852756
United Kingdom,Pennsylvania,0.4790482304607928,130.70214392552893,0.12777076151522848
United Kingdom,Rhode Island,0.6884550853803126,5.020012149643691,0.09959257566356061
United Kingdom,South Carolina,0.08819918492528345,36.85346618236374,0.21697571779591288
United Kingdom,South Dakota,-19.65915746287058,3.7111685008786277,0.3713236293192726
United Kingdom,Tennessee,0.35438499921276023,32.81156627338546,0.14772003005226086
United Kingdom,Texas,-0.15330961788415776,361.3844639729169,0.16771058740711978
United Kingdom,Utah,0.5785662619041037,12.090933841038767,0.07125620541106942
United Kingdom,Vermont,0.6376738685159775,5.178043426799129,0.17412608063771842
United Kingdom,Virginia,0.8329584024722778,29.982388783820888,0.06690632202660184
United Kingdom,Washington,0.4383194619837094,65.46275940769395,0.1605828724727044
United Kingdom,West Virginia,0.5004247078079624,6.655499673780624,0.29000901640018406
United Kingdom,Wisconsin,0.214462766031854,60.793629632595895,0.22171691686135933
United Kingdom,Wyoming,-0.9761266715312347,5.964082501740081,33825892269.2942
"China, People's Republic",Alabama,-1.1878257380918873,50.21786336328852,0.10117697224446039
"China, People's Republic",Alaska,0.9380661192315548,5.876357655858092,0.11645213527747257
"China, People's Republic",Arizona,-5.5625405954963725,87.35848866243626,0.1264455540915353
"China, People's Republic",Arkansas,0.5736797203736985,21.2601560258573,0.1074891089591279
"China, People's Republic",California,-0.22406150514138168,3505.423257748411,0.1567796302367094
"China, People's Republic",Colorado,0.5600137444592501,101.62937905317499,0.18090599305477048
"China, People's Republic",Connecticut,0.9286646647282911,44.27217550812473,0.054142584665759184
"China, People's Republic",Delaware,-0.5123157068619637,76.26730806019178,0.19336490255181835
"China, People's Republic",District of Columbia,-0.589719260079316,148.15936289725965,0.3543037412762025
"China, People's Republic",Florida,-2.8381053360401336,206.49369108719057,0.09131008653608635
"China, People's Republic",Georgia,-1.1281438764274223,139.072083718602,0.09334282126781623
"China, People's Republic",Hawaii,-13.016218130781892,137.19410917408223,0.18636410164933745
"China, People's Republic",Idaho,-1.0767179790058816,12.396658035391445,0.09356750542310015
"China, People's Republic",Illinois,-0.4270287232449448,167.01488524835716,0.06654784719856294
"China, People's Republic",Indiana,-22.170911502176835,58.998184859972206,0.09715820926301805
"China, People's Republic",Iowa,0.1139534824587004,21.146114123383896,0.08321075438037785
"China, People's Republic",Kansas,-0.5307148685905885,13.789445332025496,0.05014730715222191
"China, People's Republic",Kentucky,0.5345596985896502,50.42468295404241,0.1360867964815492
"China, People's Republic",Louisiana,-2.8997480614383466,17.76080762905635,0.04663365596048635
"China, People's Republic",Maine,0.9293521759556597,6.154911307583623,0.07142599015207039
"China, People's Republic",Maryland,-5.202800110279642,194.20906227715983,0.08658963116889096
"China, People's Republic",Massachusetts,-0.05948432957174532,189.81508337133087,0.058759732952780065
"China, People's Republic",Michigan,0.5887971745848264,138.33230303123767,0.1220557924375172
"China, People's Republic",Minnesota,0.9359561379935075,19.266874582011617,0.03144415051024985
"China, People's Republic",Mississippi,-7.397120207488372,20.122817811435283,0.12643885046602407
"China, People's Republic",Missouri,0.9212034250510238,11.944636106119466,0.0234986152496999
"China, People's Republic",Montana,-0.7261092414561938,11.864813447186538,0.21867692494587465
"China, People's Republic",Nebraska,-0.015567137423635469,14.932294099066343,0.1034566335611891
"China, People's Republic",Nevada,-2.1465773730744258,120.97264873706384,0.17588071111693127
"China, People's Republic",New Hampshire,0.41230258083873383,32.706878516605414,0.17228269160495877
"China, People's Republic",New Jersey,0.05089267819434573,234.0164596367624,0.08295801838003974
"China, People's Republic",New Mexico,0.7723608561664761,16.593438193627897,0.13637419969156037
"China, People's Republic",New York,-2.6526966409420023,6041.277965793794,0.29315361406706336
"China, People's Republic",North Carolina,-1.0037235855078475,169.32924722209543,0.1479853440190374
"China, People's Republic",North Dakota,-4.709296705600233,14.06848555439218,0.24445242143607762
"China, People's Republic",Ohio,0.24385325421171455,117.55639480112038,0.10924989017187887
"China, People's Republic",Oklahoma,0.36286312837662504,14.665234081519362,0.0459031887323709
"China, People's Republic",Oregon,-0.7388518928518983,80.04429778479931,0.09782809578647467
"China, People's Republic",Pennsylvania,0.2695037376762789,185.98292220265586,0.07758238539270548
"China, People's Republic",Rhode Island,-0.17011587540800233,38.74104579800771,0.17924614440154454
"China, People's Republic",South Carolina,-2.906067097373063,42.41927521213901,0.12375766546176555
"China, People's Republic",South Dakota,-5.98297839834225,8.982883436029226,0.1286923523047826
"China, People's Republic",Tennessee,0.4183147021505734,64.1571074081591,0.09027262119992611
"China, People's Republic",Texas,-9.486287058073893,766.768212266277,0.1677047790522883
"China, People's Republic",Utah,-0.26945965679703354,27.817372024587094,0.10737064891320754
"China, People's Republic",Vermont,0.38310818446718453,7.208051024713608,0.1788590913063901
"China, People's Republic",Virginia,-0.28955769560464173,79.78435532033403,0.04549684895944448
"China, People's Republic",Washington,0.8924133707293774,128.4297542084329,0.04541068810645793
"China, People's Republic",West Virginia,-0.16524956380663047,15.172393513835832,0.16841080014420765
"China, People's Republic",Wisconsin,0.19531012894052646,67.26575454852005,0.12001694464890393
"China, People's Republic",Wyoming,-0.006011640407083352,3.69283721291283,0.09948976959255813
Dominican Republic,Alabama,0.4802051227548194,12.734834184256044,0.7864825304142515
Dominican Republic,Alaska,0.9189810645947948,5.981167196573347,0.057152645847747145
Dominican Republic,Arizona,0.040051463904417384,16.059457443025483,0.4694379904906696
Dominican Republic,Arkansas,0.9545970332210633,1.4486635289135246,7111492936.273448
Dominican Republic,California,0.7530257650257133,38.47549303694333,0.1612713095840038
Dominican Republic,Colorado,0.6459554655518264,9.230748504709345,0.6810692260426672
Dominican Republic,Connecticut,0.798865603590131,151.6954782254827,0.2125946542465589
Dominican Republic,Delaware,0.928437026757766,4.1289091191977585,0.08081155900241986
Dominican Republic,District of Columbia,0.07199952615630567,26.358357714729607,0.6020982808642427
Dominican Republic,Florida,0.5562264664862541,763.1447081067741,0.2506211248411561
Dominican Republic,Georgia,0.6271304713625426,99.50632594473606,0.33394923283572453
Dominican Republic,Hawaii,-1.0281113827186785,2.926283812150941,16002290950.928614
Dominican Republic,Idaho,-4.322468409305791,4.740532079297289,0.5372374952195983
Dominican Republic,Illinois,0.20633128789688426,45.3115081717471,0.360368783848632
Dominican Republic,Indiana,0.6829704789573414,22.439102709788063,0.5012787905833743
Dominican Republic,Iowa,0.5769351617076848,2.433702474850287,0.21258968806503473
Dominican Republic,Kansas,-0.08708350790404751,7.909974414162135,0.8025645920727468
Dominican Republic,Kentucky,0.19845754103626545,12.166271988108614,0.23082334241590788
Dominican Republic,Louisiana,0.7138704703508325,50.56596742162542,0.46715043039697896
Dominican Republic,Maine,-0.5695094424765983,4.612545115493241,0.740256116529324
Dominican Republic,Maryland,0.6447796440264857,102.22461754405757,0.36351477973264457
Dominican Republic,Massachusetts,0.8804586866059947,471.6016903322685,0.1321663042520059
Dominican Republic,Michigan,0.6546621101633694,21.898840525313993,0.15849403096015804
Dominican Republic,Minnesota,0.31411347433904413,15.944756886774023,0.7906496479291256
Dominican Republic,Mississippi,0.5062330667554282,12.363183139284411,0.3371217738922607
Dominican Republic,Missouri,0.43990446703523134,10.388057535035705,0.4563330077046548
Dominican Republic,Montana,0.0,1.0137340554983405,8785796105.383825
Dominican Republic,Nebraska,0.30660382426541655,3.065839262286904,0.24322896779690573
Dominican Republic,Nevada,0.940423619814806,3.1657654787917084,0.06357644466641343
Dominican Republic,New Hampshire,0.5795930232873643,58.40052796345859,0.7438860117016262
Dominican Republic,New Jersey,0.8454419758087568,919.6107008176588,0.16060591835555682
Dominican Republic,New Mexico,-4.081619706815667,5.6230745206364485,19146620848.437435
Dominican Republic,New York,0.759501242095849,2639.987271311798,0.12722329534604193
Dominican Republic,North Carolina,0.8549272035644991,65.77948940578095,0.21436642102470851
Dominican Republic,North Dakota,0.7274355289056118,1.6138478695382172,2563955708.4395585
Dominican Republic,Ohio,0.956726095540711,16.327181872338947,0.0981956510495579
Dominican Republic,Oklahoma,0.7741992070062931,4.661228816674254,0.17153458508481823
Dominican Republic,Oregon,0.07056088696629081,6.601542796954741,0.6940353460869787
Dominican Republic,Pennsylvania,0.841969726567581,432.78856670571986,0.22659809724886174
Dominican Republic,Rhode Island,0.7652702448364842,149.6072082137965,0.13418050066253107
Dominican Republic,South Carolina,0.7719340231383984,17.942346465058538,0.15792023696020327
Dominican Republic,South Dakota,0.0,3.000816187788499,25263459335.6243
Dominican Republic,Tennessee,-3.982015604975773,22.640539967568415,0.5990497155667022
Dominican Republic,Texas,0.6861485700692609,98.06790756912545,0.2358610918970282
Dominican Republic,Utah,0.43580575868198335,19.416671437156932,0.29928428897348164
Dominican Republic,Vermont,-0.7635689233712455,3.1301126385228137,23161512027.63783
Dominican Republic,Virginia,0.7063293412051821,45.236016076598645,0.25253401093137373
Dominican Republic,Washington,0.9486011624475514,2.14547231441454,0.05475853441221251
Dominican Republic,West Virginia,-0.5336747958174455,3.645798709530994,0.42488280460221955
Dominican Republic,Wisconsin,0.820885584393327,6.399804400817723,0.09510167391321787
Dominican Republic,Wyoming,0.0,3.1639721304004493,30040091638.030453
India,Alabama,-2.7158433448259927,86.47978977013328,0.13607459774018232
India,Alaska,-0.40191957597224937,5.3826577608178985,0.31110532587984513
India,Arizona,-0.28235549858444653,125.08234082553768,0.08435948996732535
India,Arkansas,-0.6309149041882618,58.976248204952526,0.21254238922187105
India,California,-1.0272859150161988,1477.3426572707815,0.06753896006920738
India,Colorado,-0.645789651318071,138.4180322738975,0.3271991145013615
India,Connecticut,-0.8880392263599042,362.4305778340575,0.21411920178667954
India,Delaware,-1.7336393470670686,96.63390714227127,0.1871528897521997
India,District of Columbia,-1.4106919218193834,11.05177470087265,0.18450632546212872
India,Florida,-0.2476473213391801,791.4369624421176,0.21385212303125586
India,Georgia,-2.4476302760943858,841.1081537681728,0.20560011494592298
India,Hawaii,-0.7326166942491672,7.523218195170167,0.22882779686822863
India,Idaho,-0.9481252465423124,18.80672649420396,0.2529882645949962
India,Illinois,-1.8306370579517703,914.3315786884142,0.15241422276950475
India,Indiana,0.24153035700702918,96.05307536032385,0.10659004686325609
India,Iowa,-3.2702439169113067,78.21659746048107,0.21456312039695102
India,Kansas,-0.7073939749688869,95.90381448469988,0.19081177026908738
India,Kentucky,-0.8830211458786927,119.02526707932323,0.163560645177004
India,Louisiana,-0.1984244478423891,50.58164724355582,0.16533013832841426
India,Maine,-1.680969491995127,44.28631985324577,0.41899951211183056
India,Maryland,0.38798363884028386,148.37513449485286,0.07820989321741863
India,Massachusetts,-1.4421288489088178,821.3728081568406,0.21806469222535108
India,Michigan,-0.2811501359296382,1054.5048714353072,0.21864094578461465
India,Minnesota,-0.917379845836872,354.3833062285733,0.3126448849259136
India,Mississippi,-14.942417506237463,48.39177609567551,0.2062507211205212
India,Missouri,-1.261467437218546,229.93169800463608,0.30398237645037984
India,Montana,-24.660714918340645,2.387965890243114,0.16204476444913737
India,Nebraska,-0.1657089006288084,53.581820602118164,0.3797970441076039
India,Nevada,-25.782576053483083,37.5572763320697,0.14164658932344143
India,New Hampshire,-0.532962340140599,155.98563690612477,0.2697851868553156
India,New Jersey,-1.7900105329951153,1524.7914406308255,0.14074436715500283
India,New Mexico,-1.6932126766193218,38.70432456336447,0.16733433328048306
India,New York,-0.030005366660493804,768.1599464581221,0.13605832317844016
India,North Carolina,-17.867869215504914,415.14251802754137,0.18578058813976725
India,North Dakota,-10.641921814640375,15.841341245264392,0.30659569166635975
India,Ohio,-3.486479815448406,535.8057944810922,0.2349286171008489
India,Oklahoma,-0.22880231377116544,60.64153464702094,0.1603424588384719
India,Oregon,-0.9290999244528328,86.3839521940022,0.1377985718626765
India,Pennsylvania,-2.209764120607325,668.394092198811,0.17145542248852705
India,Rhode Island,-1.826405591064388,53.540670144018904,0.30491563500049623
India,South Carolina,-6.179493146594368,146.38440449105906,0.2133984014324258
India,South Dakota,0.2370284028821803,4.178943899097938,0.15921070106346327
India,Tennessee,-1.7441440428917656,163.43652625257442,0.16018424964505154
India,Texas,-7.917209099395938,1781.5048580911605,0.20042750114944738
India,Utah,-23.96223999480562,20.39699324034698,0.10645067137710285
India,Vermont,-0.5405715477722566,21.233792399098512,0.26844806924692066
India,Virginia,-0.18442501157040692,519.7445953970507,0.16699190345854412
India,Washington,0.14106183829063879,219.94581325421817,0.08922892693701101
India,West Virginia,-1.3434665748080352,48.425498302628824,0.34182854404378044
India,Wisconsin,-0.7165625199379506,188.0183196808283,0.20065273374415607
India,Wyoming,-3.6048906262239564,10.561282311226451,59889270714.18235
Iran,Alabama,0.7264063120556488,4.299159637135373,0.11835112911107422
Iran,Alaska,-1.3275675771424358,4.315152444252634,0.4096792668891544
Iran,Arizona,0.6827459980510031,24.69764552369189,0.11227323969397067
Iran,Arkansas,0.050025202944336766,6.008247855083478,0.3613020236702074
Iran,California,-0.5176759858438791,823.4711366908855,0.1193255385369029
Iran,Colorado,-0.07668997925733545,17.50707706696318,0.13943069322207144
Iran,Connecticut,-2.684950610309025,13.663973223614617,0.15591058360225502
Iran,Delaware,-2.061698717948712,5.948077809648219,0.3518959435602827
Iran,District of Columbia,0.6349734399283982,7.679327360185983,0.29512855887910155
Iran,Florida,-61.60469415535081,46.586436481578644,0.11589139113997023
Iran,Georgia,-0.14543306021870328,42.06319373297543,0.11449534214810925
Iran,Hawaii,-0.7164596985649478,5.489390093355462,28613974799.72656
Iran,Idaho,-0.9510929538947273,18.29537743928613,0.6535804060042465
Iran,Illinois,-1.0443011573457577,24.21749961464218,0.0779106064698418
Iran,Indiana,-0.1251629364207727,23.813486094145674,0.6192766155744022
Iran,Iowa,-1.2068836159999154,7.378106974556409,0.6526239870939304
Iran,Kansas,0.4972895762377365,8.395902140581416,0.17682287405180427
Iran,Kentucky,-5.476090228525844,9.819459651474736,0.13056947408428643
Iran,Louisiana,-2.321125052065759,15.101343877566508,0.22916296415730142
Iran,Maine,0.18088923691726433,14.156592105243503,0.45578558190658763
Iran,Maryland,0.8797818495944119,22.424521523865515,0.03604635893692292
Iran,Massachusetts,0.8361879308809768,25.945997739827483,0.10948516730292833
Iran,Michigan,-4.163681696439432,42.485216536001545,0.36374261114961337
Iran,Minnesota,-28.34216838150577,11.701714366437663,0.12401089679859077
Iran,Mississippi,-1.5300337260886083,6.406463090842428,0.5178538339684945
Iran,Missouri,0.3100903903623875,24.976621075697725,0.2888381878598559
Iran,Montana,0.0,1.7444562308641096,16023291332.570175
Iran,Nebraska,-2.683393746025472,13.510463478880034,0.47639644584223734
Iran,Nevada,0.5442791386992085,13.031959726435172,0.07465715743331568
Iran,New Hampshire,0.13912329072193208,7.3579602959529975,0.3675689557961097
Iran,New Jersey,-2.0611522436998277,14.66154538625255,0.07135263970725264
Iran,New Mexico,-0.9778642389265946,7.645709672420316,0.37998776816937857
Iran,New York,0.1390752140945305,100.34723520142177,0.15810455497433165
Iran,North Carolina,0.15470050945765423,20.590402025939035,0.1377820218954248
Iran,North Dakota,-0.6774621815991742,3.052742102146467,0.3779750540861657
Iran,Ohio,0.301673624180006,18.962080363920023,0.14615504955555858
Iran,Oklahoma,-0.4768697968862594,13.544742452409094,0.13352992734811361
Iran,Oregon,0.7669286055904162,3.4364153779899165,0.02826006845967714
Iran,Pennsylvania,-0.1600043028201923,7.816236942962395,0.05079817494887612
Iran,Rhode Island,0.3134592196427858,2.0668355764308983,0.1521611687691045
Iran,South Carolina,-2.800221705555323,10.598002818548807,0.22454587558091973
Iran,South Dakota,-0.6016712721862052,3.100004456951188,8470790378.40779
Iran,Tennessee,0.6368603240575168,24.10610253055724,0.29117467495201116
Iran,Texas,0.5321951214989733,128.99703622502412,0.09592130524126863
Iran,Utah,0.5160758751730723,21.221970977556744,0.19912139011908722
Iran,Vermont,0.10481653204376018,1.784061252517216,11752577319.739836
Iran,Virginia,-12.286887373559214,85.69258868257157,0.13230518274234626
Iran,Washington,-8.782070540927386,58.51260282472986,0.16106240358140758
Iran,West Virginia,-1.1482385123595291,4.530740828102563,0.13383438522352176
Iran,Wisconsin,-1.8909248209385936,6.361835229958436,0.086360004525169
Iran,Wyoming,-0.11995828462109914,1.995513442920147,15154639175.351318
Mexico,Alabama,-1.2959300436863104,100.93719394022749,0.1671116272213399
Mexico,Alaska,-1.6787945620470617,15.020453751215644,0.12069659632957952
Mexico,Arizona,-0.3804501212364777,1349.779112289601,0.14909590724206692
Mexico,Arkansas,-1.8784652975782898,143.64803594169408,0.15207259907722515
Mexico,California,0.2862928174245315,6227.963658410334,0.10181867410778034
Mexico,Colorado,0.30610466603998254,554.1006767902045,0.15548248957473992
Mexico,Connecticut,-2.095443275792899,56.08003537985319,0.12218059869979354
Mexico,Delaware,-0.3550358594333658,91.46579358504249,0.25158280709615216
Mexico,District of Columbia,0.7075795213893792,6.133903182142662,0.09364937490404594
Mexico,Florida,-0.24797962313436583,418.9371866042431,0.08753700273516224
Mexico,Georgia,-0.005954292968478603,558.6575100856196,0.16590828235776864
Mexico,Hawaii,-0.02474031805642163,26.479238992487527,0.38212509464822514
Mexico,Idaho,0.07598903260819134,130.6748943491869,0.15224377182042395
Mexico,Illinois,0.0576865828230142,1582.124988991902,0.17269866785333132
Mexico,Indiana,0.6273230394783723,220.03813946729807,0.1541102956361652
Mexico,Iowa,-0.7866246091016058,137.83385664561757,0.17297418202847284
Mexico,Kansas,0.38084528048697375,222.80091577948022,0.17308603801116
Mexico,Kentucky,0.6716636149182835,55.873923372160725,0.12414497223466785
Mexico,Louisiana,0.8081934542140065,57.93004357627038,0.168220836265197
Mexico,Maine,0.2557157300488482,3.879572386675705,0.20228837920143408
Mexico,Maryland,0.7801737906601123,42.62955368612813,0.08292560272246309
Mexico,Massachusetts,-0.4398663524104922,46.290831734668025,0.1555107511932924
Mexico,Michigan,-0.5200846653188056,198.80446345106498,0.14606917481823053
Mexico,Minnesota,0.748129566951395,127.79805292652578,0.14141792469655357
Mexico,Mississippi,0.3045244060990857,33.588926202533784,0.10759157094608131
Mexico,Missouri,0.5504929500423212,49.82446789713806,0.06640624143151776
Mexico,Montana,0.16498363162297736,11.630677180503191,0.31758193124074524
Mexico,Nebraska,-0.5884636646893953,291.3515630323164,0.3738517307581475
Mexico,Nevada,-5.979745255684984,646.6118654371005,0.2406326343789826
Mexico,New Hampshire,0.3744697748018858,3.2288548671784403,0.047389282592853965
Mexico,New Jersey,-0.03295834201205006,152.75042577900206,0.11160004868842949
Mexico,New Mexico,0.522018104890321,168.67950427095286,0.06759266409287228
Mexico,New York,-0.5527298752894174,336.16666309235245,0.13344005653300686
Mexico,North Carolina,0.5360653577706012,388.57272996519424,0.1311223509854457
Mexico,North Dakota,0.5316799375557792,9.779640272709862,0.44709317946895616
Mexico,Ohio,-3.40133582785763,160.54656857922154,0.22439748045063376
Mexico,Oklahoma,0.4501481618350329,136.81930619024587,0.08600001876184625
Mexico,Oregon,0.40235673794496585,356.8132263472815,0.16973019871108122
Mexico,Pennsylvania,-0.5735092469687058,241.4754777130034,0.177902143121302
Mexico,Rhode Island,-1.1814890943237115,16.461756378055,0.24158186126384154
Mexico,South Carolina,0.5624290605381026,86.47256170303123,0.1384911783775505
Mexico,South Dakota,0.35630173399801246,13.494261270962806,0.3311616920173767
Mexico,Tennessee,-0.6158268818987964,143.47444486775277,0.12622947643513838
Mexico,Texas,-0.11962355061071062,2913.2299061069957,0.07895504783301437
Mexico,Utah,0.5624614579741765,318.3547941393074,0.2003356054670508
Mexico,Vermont,0.2203738163002631,5.59984799892228,6093928980.83514
Mexico,Virginia,-9.400574265674095,202.67620943751947,0.20748874323884633
Mexico,Washington,0.5904274096403126,380.83344658366553,0.10419819068567543
Mexico,West Virginia,-0.3373196698702703,8.653895164186768,0.19662084765124824
Mexico,Wisconsin,0.23997236155326385,171.91599788490555,0.14313977829728988
Mexico,Wyoming,0.6055021053769564,16.1196344021314,0.15301230505119798
Pakistan,Alabama,-5.598862177247633,13.646778183150037,0.1673924357964551
Pakistan,Alaska,-8.811044557683633,8.98156938320908,48543337152.08668
Pakistan,Arizona,-1.0671473862899026,33.058008382517464,0.31249847173780493
Pakistan,Arkansas,-2.1224950049877993,13.405854494642258,0.5627274105490518
Pakistan,California,-0.8705524392225803,344.5857562571192,0.15327747733317085
Pakistan,Colorado,-0.006738102829610071,11.937728906496053,0.16690270928247616
Pakistan,Connecticut,-1.4138245202120583,60.02528967446304,0.19940131762726687
Pakistan,Delaware,-0.40448709115725356,7.326842273889552,0.12689497175787573
Pakistan,District of Columbia,-1.9743247708265876,5.690965818646306,0.40184353938771217
Pakistan,Florida,-0.7462453456224265,58.725126907854936,0.0940454429183903
Pakistan,Georgia,-0.5904571980898534,116.95420188477901,0.18077572385963983
Pakistan,Hawaii,-36.01693414107072,4.967691223702128,1.2836833396623992
Pakistan,Idaho,-17.54692232835659,8.12062883790693,1.6204021890916458
Pakistan,Illinois,-2.0248668906959635,192.39796418635112,0.1431094059505805
Pakistan,Indiana,-0.27375852530769773,16.492974550265654,0.13264225098463558
Pakistan,Iowa,-9.547276164158973,8.101079936190281,0.1481660727161845
Pakistan,Kansas,-0.5476248344333952,6.6607240787888315,0.07851895489450926
Pakistan,Kentucky,-6.752420054882761,25.85403033826861,0.2936682193245085
Pakistan,Louisiana,-0.8247215994738533,14.687499529419114,0.1386455240743346
Pakistan,Maine,-0.7910033221099015,6.21337843768787,1.1893079873860983
Pakistan,Maryland,-0.22684761260186614,187.98000648092167,0.302940080926179
Pakistan,Massachusetts,0.28760647665031835,52.62123592642313,0.16633677621293716
Pakistan,Michigan,-7.4777122281688015,52.94616929908921,0.120266728333471
Pakistan,Minnesota,-0.027046994399233748,28.19862773842779,0.22032202581044533
Pakistan,Mississippi,0.2652939357025913,5.046762351149184,0.22835944919164106
Pakistan,Missouri,-4.208983721727289,21.970415522092328,0.1310724859931377
Pakistan,Montana,0.0,1.585049451008618,14032073310.4242
Pakistan,Nebraska,-0.6630261397298469,10.95935415181631,0.43231213829321696
Pakistan,Nevada,-5.209455107327084,22.65645505234742,0.3076585414495476
Pakistan,New Hampshire,-2.3590063905869534,12.727087357787275,0.22759265786134167
Pakistan,New Jersey,-0.5496931331183681,268.5509616982643,0.21298373051776856
Pakistan,New Mexico,-3.0796683009582333,7.436542899888246,0.3844628993232953
Pakistan,New York,-0.8428236308949617,876.4462890686851,0.25774431013969523
Pakistan,North Carolina,0.6886211323067334,49.18331658350309,0.1507560189960548
Pakistan,North Dakota,-0.5810109621487052,8.731544076078654,20282550592.15248
Pakistan,Ohio,0.6046008174678783,27.23704706673004,0.1329459632790518
Pakistan,Oklahoma,-0.31088818550013775,20.573556563552913,0.12509718202741654
Pakistan,Oregon,0.018849839364586285,13.313944908308159,0.2527173897792874
Pakistan,Pennsylvania,0.15182850845285278,58.82795396804174,0.12318936922884031
Pakistan,Rhode Island,-0.20068387790610775,6.472289116452264,0.08870032485419882
Pakistan,South Carolina,0.4344479773339972,12.688333583214233,0.21969546916426252
Pakistan,South Dakota,-1.136774359255699,3.8366653674172913,19915998472.930897
Pakistan,Tennessee,-0.28324617378511063,18.250306122126702,0.21264649432934857
Pakistan,Texas,-7.154563063465961,249.77558689930095,0.09791035132910686
Pakistan,Utah,-0.04690630354736669,18.233236488281424,0.27126928422907937
Pakistan,Vermont,-0.7289991261321933,2.8405391369627178,11828942344.667124
Pakistan,Virginia,-0.745636914764652,243.81056576676306,0.2001790932860709
Pakistan,Washington,0.7007242870568113,30.613698265810555,0.09842186697151419
Pakistan,West Virginia,-3.5838514542817776,3.4962270918927363,0.12154143425572499
Pakistan,Wisconsin,-3.5293100909590374,10.617414732278416,0.08361737778238419
Pakistan,Wyoming,-0.3911418193621463,3.3820522144730547,8999618175.304405
Philippines,Alabama,-0.7909655080954927,48.412569252150846,0.273904579717375
Philippines,Alaska,0.013902748579076474,104.59332152323937,0.1888347500031126
Philippines,Arizona,-0.8758935927248575,163.8313229817488,0.18487972474593026
Philippines,Arkansas,0.2651246657383034,20.76752677611607,0.1121870787179402
Philippines,California,-0.10431482688827476,2717.118888527008,0.08422197155527107
Philippines,Colorado,-0.5949337086755129,66.35036899413186,0.22355995754106295
Philippines,Connecticut,-1.5049501162831724,62.76505038268778,0.1549819600610938
Philippines,Delaware,0.427332074165402,14.211294399561272,0.15877750852675732
Philippines,District of Columbia,0.5334142187452222,12.746589253829057,0.19229307928602668
Philippines,Florida,-0.18424558353524034,293.12592299309995,0.10870887499235837
Philippines,Georgia,0.2758276221352717,79.30444950292855,0.12685485131495364
Philippines,Hawaii,-10.248555977410101,541.0359714109497,0.13852598025901464
Philippines,Idaho,-1.9410777826890868,35.01574858490177,0.36804976066241374
Philippines,Illinois,0.653406448993759,237.392637132946,0.07519229756871164
Philippines,Indiana,0.2953595258297055,21.481648381712333,0.04592033942029324
Philippines,Iowa,-5.955778856562179,25.388360339102157,0.16774644914154266
Philippines,Kansas,-0.4255482847316756,36.64514270974038,0.20930219730058922
Philippines,Kentucky,-0.1626817618630032,35.172338486689156,0.17896930035191813
Philippines,Louisiana,0.6482689588907105,65.4463466797175,0.1355018886813904
Philippines,Maine,0.26482121104289935,24.295408640326375,0.3541742670711799
Philippines,Maryland,-2.8814549429806666,156.54322540082708,0.13643699033448456
Philippines,Massachusetts,0.6569374323070412,36.1660506058378,0.10366963424617802
Philippines,Michigan,-2.692232895958773,92.84909026998695,0.16162033040556997
Philippines,Minnesota,-0.29674597514483847,62.82979320444357,0.1695151433339057
Philippines,Mississippi,-0.049498522967191816,36.20046715644749,0.28968705320690197
Philippines,Missouri,-0.8267645740990224,30.047090496220264,0.08774527941465222
Philippines,Montana,-0.31242056774175775,22.68190606088406,0.4428354253830526
Philippines,Nebraska,-0.562063946177283,18.899522631340155,0.27202499708357847
Philippines,Nevada,-7.034577791029648,335.80146084331454,0.14473017299524452
Philippines,New Hampshire,-6.588825481259525,14.284785093334659,0.17128512752471878
Philippines,New Jersey,0.9837921332500404,88.62377643787836,0.03162627979575495
Philippines,New Mexico,0.7589180187681128,39.28894423296419,0.2744218732477113
Philippines,New York,0.6582369080114944,244.8934773002423,0.07561719526699491
Philippines,North Carolina,-0.017924848255846948,63.55589668473757,0.08847945196850117
Philippines,North Dakota,0.5159835567768662,26.03119322106436,0.36531368449317086
Philippines,Ohio,0.12827731380005536,239.22984542664452,0.2281479362761377
Philippines,Oklahoma,-0.2087231759162198,36.8191552466592,0.1489154251173237
Philippines,Oregon,-0.5800168067439426,89.62200185107628,0.26450662401251596
Philippines,Pennsylvania,0.4734463586809967,110.30738214426006,0.16045601925586256
Philippines,Rhode Island,-3.265075378307838,12.767954374300164,0.1490438860249527
Philippines,South Carolina,-3.0311442332894787,38.55059671833094,0.1315776317827523
Philippines,South Dakota,-0.21906345103121705,17.627414118877486,0.31427532677869824
Philippines,Tennessee,-2.03724994208406,91.43597035034985,0.1813735129398251
Philippines,Texas,0.11236275216633285,221.56238479081492,0.05608230282420762
Philippines,Utah,-0.2726536057846214,53.01228134578666,0.2788955346370139
Philippines,Vermont,-2.1788243719293194,11.369792923581574,0.6038424718969315
Philippines,Virginia,-1.1087146619502835,160.6613621006809,0.0981051198227504
Philippines,Washington,-2.800743571081232,233.57198723155994,0.12018532056120251
Philippines,West Virginia,0.26896749767584505,20.100181498794555,0.3879127233743099
Philippines,Wisconsin,-1.0572679630445636,76.2305466306861,0.2688121478599865
Philippines,Wyoming,0.8535131883573976,4.333920224815238,0.11459629700741268
United Kingdom,Alabama,0.2502306614658041,44.11992541067285,0.2609771715283885
United Kingdom,Alaska,-0.5556049325278276,7.224900534674078,0.9571130001238638
United Kingdom,Arizona,0.7435361073202236,38.921764066796406,0.15987330696693866
United Kingdom,Arkansas,-0.5181412447892499,17.424931820751837,0.23753579610499412
United Kingdom,California,0.1881336088419734,123.81519471416516,0.04146806820998734
United Kingdom,Colorado,0.49687529014895326,60.99082302819403,0.25374760122277346
United Kingdom,Connecticut,0.6918663161578322,78.02148492358971,0.14923456594747256
United Kingdom,Delaware,-0.1370792745745748,18.761375390723373,0.3196537738425067
United Kingdom,District of Columbia,-1.181915763335291,19.08238709889773,0.2673256386784643
United Kingdom,Florida,0.5867899763691564,344.77417158377904,0.1605597736548393
United Kingdom,Georgia,0.4396568851853586,154.56403824655968,0.21198608992116655
United Kingdom,Hawaii,0.7033612662181015,8.016964865380457,0.17593045186982634
United Kingdom,Idaho,-0.8455627268849069,14.645661520363907,0.2829127358849148
United Kingdom,Illinois,0.5325468147268919,123.81048617517261,0.1383284094683058
United Kingdom,Indiana,0.5855863768703293,19.07740163188116,0.10275268546924994
United Kingdom,Iowa,-0.19544062671836415,14.732239718302651,0.2202764860667031
United Kingdom,Kansas,0.14042403586479868,19.682028211126955,0.20129003013993604
United Kingdom,Kentucky,0.8260789390425889,5.479997249875798,0.08150542980078535
United Kingdom,Louisiana,-1.138095616475796,18.763610478255007,0.2462339650191259
United Kingdom,Maine,0.2040305480785326,11.776059049391792,0.1651725122080734
United Kingdom,Maryland,0.5424238378575578,28.131892814441947,0.08985445612640026
United Kingdom,Massachusetts,0.010644914538328054,135.1237883344466,0.18099175729463887
United Kingdom,Michigan,0.28712771311889185,196.31953795329503,0.23718950804108627
United Kingdom,Minnesota,0.09940669053202067,42.16599725769971,0.19566097563313212
United Kingdom,Mississippi,0.3974304817321249,13.188697216682419,0.23368024709551674
United Kingdom,Missouri,0.9349049168778087,6.696512486673656,0.04713861911943401
United Kingdom,Montana,0.08738854351899039,9.752660868701918,0.26333879147328515
United Kingdom,Nebraska,-1.0182420327042738,8.859299642789026,0.31533727610328816
United Kingdom,Nevada,-10.288055722850908,23.75716283865869,0.15888391406106075
United Kingdom,New Hampshire,0.630570298290549,12.04419899943168,0.11718220573203923
United Kingdom,New Jersey,0.9956844417717734,8.535079490280351,0.015723584028072987
United Kingdom,New Mexico,0.6986836388227089,8.930195794321817,0.10467640490866907
United Kingdom,New York,-0.6175770640965881,152.9419587018097,0.09065741918455698
United Kingdom,North Carolina,0.42641343168486967,97.87248415435528,0.11304842233321329
United Kingdom,North Dakota,-2.2071897882823563,3.0438815587875308,0.3690806499458179
United Kingdom,Ohio,0.5016345419649708,70.17252289197516,0.11500290264222096
United Kingdom,Oklahoma,0.3949067459338724,13.216287401299788,0.08313437214548335
United Kingdom,Oregon,-0.09862435605214626,35.58577910358913,0.2003678955615884
United Kingdom,Pennsylvania,0.515244673676477,126.07972343244161,0.14768708513501164
United Kingdom,Rhode Island,0.791686375409416,4.104906531645935,0.06990498460621508
United Kingdom,South Carolina,-0.0726647123849995,39.97241150570576,0.24956269194471434
United Kingdom,South Dakota,-19.12998340832068,3.66333030709496,0.3648846645645838
United Kingdom,Tennessee,0.3406367444241888,33.15908412433374,0.18196286558803845
United Kingdom,Texas,-0.13779240486362587,358.9451060882484,0.17340961606094307
United Kingdom,Utah,0.6988175385891446,10.221391754141521,0.0652798861830021
United Kingdom,Vermont,0.6308440308732541,5.226618573741457,0.17124342524701688
United Kingdom,Virginia,0.8286064952330119,30.37044069098969,0.06658723039930957
United Kingdom,Washington,0.5282210400770777,59.99553137254602,0.156128546247018
United Kingdom,West Virginia,0.48739847235619604,6.741711116950746,0.2955518188892737
United Kingdom,Wisconsin,0.2807257482958747,58.173064513627004,0.21915670577743807
United Kingdom,Wyoming,-0.8926369420399904,5.836734100224185,33035509736.635662
